INSERT INTO `role` (`id`, `authority`) VALUES
	(1, 'ADMIN'),
	(2, 'EMPLOYER');

INSERT INTO `user` (`id`, `email`, `name`, `created_date`, `password`) VALUES
	(1, 'ivvo98@gmail.com', 'admin', '2021-06-17 10:57:07', '$2a$10$B8ICFtIYeWdAPGHfIVkWUOk3oddNRy7vLJFWzCOPD1ietCRt2ci..'),
	(2, 'cocacolacompany1866@gmail.com', 'Coca Cola', '2021-06-13 12:03:55', '$2a$10$aRYrz8/bi61pU6.Pipi0geHFJ8DvzQ7uP6VJy1oRaEumcb9MZzRYm'),
	(3, 'bgoffice@adidas.com', 'Adidas', '2021-06-13 12:07:49', '$2a$10$LEg3rLKVB/i9Q3C8IdA8bOA5eHwtsbPCyd.fdHmuo1n8PuU15avY6'),
	(4, 'nivea.sofia@beiersdorf.com', 'Nivea', '2021-06-13 12:22:04', '$2a$10$t48j3ozrFpXtu.Br//YiReu.pHKqbeETe8f7oS1mZUFl6lXo3cOZK'),
	(5, 'rolex@besha.bg', 'Rolex', '2021-06-13 13:57:47', '$2a$10$RPiHqUnH8ldVtwHkbnoDbOw/wBQ2Zcw58zX91EgQffhoc2.35Vfc6'),
	(6, 'bgsamsung@fds.com', 'Samsung', '2021-06-13 13:59:46', '$2a$10$sgktYQUXrB6xZmp5NAaF5OHVD0sw3KkYI40HmYukM/4BREfcicC7u'),
	(7, 'kenzo@mail.com', 'Kenzo', '2021-06-13 14:01:00', '$2a$10$I.oN0NgtfumicD.94s4os.bbk2ROlzoeYSFwc1CqN2DCjnJi.1Sqq'),
	(8, 'suppus@optimumnutrition.com', 'Optimum Nutrition', '2021-06-13 14:02:25', '$2a$10$OIoYBjVCeeZmUgKO7ngoBONFj4usp.Y.nXqv8I.YT3ztgFS24PRBS'),
	(9, 'tefal@mail.com', 'Tefal', '2021-06-13 14:03:59', '$2a$10$LMmJ5wRyDDYVZHv9qIW62.wYF8ttXEFnmlXzl7O3C71axT3OmON8e'),
	(10, 'info@matracinani.bg', 'НАНИ', '2021-06-13 14:05:15', '$2a$10$ErZw43j2nCoXcyUslupYd.Whu7in6ferplyLTr/6xu.lgic8XDNNO'),
	(11, 'inxc23fo@me3kd923xon.bg', 'Medix', '2021-06-13 14:06:19', '$2a$10$nutKtKAPdPlmGlgiFII6sO5VVTqX6N1gFKKMC2eCSxcof8dUXyzz2'),
	(12, 'office@vistaawt.com', 'Colgate', '2021-06-13 14:07:15', '$2a$10$RJ4otaUBV73.QjJQ0wcyjuazKF/9Ee6csHtRu9d61vDwJ3XIlnQuO'),
	(13, 'office@slantcho.com', 'Слънчо', '2021-06-13 14:08:23', '$2a$10$nLLx34wT4xen915QG.9MMeYM239hnsruT3.Ny0mzxCqSa1uqTFYTO'),
	(14, 'Lighting@philips.com', 'Philips', '2021-06-13 14:09:30', '$2a$10$yLBShd/91yLdttRylAcFLubHQtzEIFszaCP32kmMYsJJanOuDMikC'),
	(15, 'mercury@mpp.bg', 'Меркурий', '2021-06-13 14:10:25', '$2a$10$9k1DNYiPOgTNEKhtFSGAEelbK1X2dJ3URc60e1N8KuMk8vJ9S4g4u'),
	(16, 'nestle.bulgaria@bg.nestle.com', 'Nestle', '2021-06-13 14:12:49', '$2a$10$gCY1m0ydpl3eusz4m/DZ5ONp/MTqRQfwV9u/5/XTftm2CGZaVEga6'),
	(17, 'milkacompany2021@gmail.com', 'Milka', '2021-07-05 00:05:41', '$2a$10$htvQCiZ5RrXIF/5W4RSfx.YGutOvOh2z6RzkRC9E9r8gpzzUgprNC');

INSERT INTO `user_role` (`user_id`, `role_id`) VALUES
	(1, 1),
	(2, 2),
	(3, 2),
	(4, 2),
	(5, 2),
	(6, 2),
	(7, 2),
	(8, 2),
	(9, 2),
	(10, 2),
	(11, 2),
	(12, 2),
	(13, 2),
	(14, 2),
	(15, 2),
	(16, 2),
	(17, 2);

INSERT INTO `cloudinary_resource` (`id`, `created_at`, `format`, `resource_type`, `size`, `url`) VALUES
	('a7dpafmzbnepgiewj03y', '2021-06-13 14:02:23', 'png', 'image', 5551, 'http://res.cloudinary.com/dbeoyblgx/image/upload/v1623582143/a7dpafmzbnepgiewj03y.png'),
	('akutw6navntdjbmcqpde', '2021-06-17 14:38:38', 'jpg', 'image', 117957, 'http://res.cloudinary.com/dbeoyblgx/image/upload/v1623929918/akutw6navntdjbmcqpde.jpg'),
	('sizfvniozyvbcj1e4zdo', '2021-06-17 14:33:03', 'jpg', 'image', 106265, 'http://res.cloudinary.com/dbeoyblgx/image/upload/v1625404789/sizfvniozyvbcj1e4zdo.jpg'),
	('ay7kz2bzgahhgpn4zs9x', '2021-06-13 14:00:58', 'png', 'image', 38959, 'http://res.cloudinary.com/dbeoyblgx/image/upload/v1623582058/ay7kz2bzgahhgpn4zs9x.png'),
	('bity0tvlhurrsinl1gpl', '2021-06-17 11:35:27', 'jpg', 'image', 51669, 'http://res.cloudinary.com/dbeoyblgx/image/upload/v1623918927/bity0tvlhurrsinl1gpl.jpg'),
	('br9sjq24se98pqqiv8ne', '2021-06-17 13:43:15', 'jpg', 'image', 40180, 'http://res.cloudinary.com/dbeoyblgx/image/upload/v1623926595/br9sjq24se98pqqiv8ne.jpg'),
	('condnm7bkbknqdj2a79h', '2021-06-17 13:46:14', 'jpg', 'image', 21090, 'http://res.cloudinary.com/dbeoyblgx/image/upload/v1623926774/condnm7bkbknqdj2a79h.jpg'),
	('cqlbpne4w6apf8rvergx', '2021-06-17 14:19:50', 'png', 'image', 262808, 'http://res.cloudinary.com/dbeoyblgx/image/upload/v1623928790/cqlbpne4w6apf8rvergx.png'),
	('cubtu9xxg4qgk4ma5paa', '2021-06-17 11:33:54', 'jpg', 'image', 43094, 'http://res.cloudinary.com/dbeoyblgx/image/upload/v1623918834/cubtu9xxg4qgk4ma5paa.jpg'),
	('cye8bipjqcr8iamjbdyi', '2021-06-13 14:32:31', 'png', 'image', 801183, 'http://res.cloudinary.com/dbeoyblgx/image/upload/v1623583951/cye8bipjqcr8iamjbdyi.png'),
	('cyvsfvwht60r17qtsban', '2021-06-13 14:09:28', 'jpg', 'image', 101813, 'http://res.cloudinary.com/dbeoyblgx/image/upload/v1623582568/cyvsfvwht60r17qtsban.jpg'),
	('dhfvcsq4jtkpuzwvftb3', '2021-06-13 13:57:45', 'png', 'image', 37081, 'http://res.cloudinary.com/dbeoyblgx/image/upload/v1623581865/dhfvcsq4jtkpuzwvftb3.png'),
	('dldi3xhs1n9b99jxwmtg', '2021-06-13 14:48:53', 'jpg', 'image', 23429, 'http://res.cloudinary.com/dbeoyblgx/image/upload/v1623584933/dldi3xhs1n9b99jxwmtg.jpg'),
	('dlswx5uchdoozbr6a44n', '2021-06-17 13:39:03', 'jpg', 'image', 45822, 'http://res.cloudinary.com/dbeoyblgx/image/upload/v1623926343/dlswx5uchdoozbr6a44n.jpg'),
	('efnfpbeedzij4g7aktdr', '2021-06-13 14:12:47', 'png', 'image', 15585, 'http://res.cloudinary.com/dbeoyblgx/image/upload/v1623582767/efnfpbeedzij4g7aktdr.png'),
	('etouqwhvvsloaletzazn', '2021-06-13 14:03:57', 'png', 'image', 481273, 'http://res.cloudinary.com/dbeoyblgx/image/upload/v1623582237/etouqwhvvsloaletzazn.png'),
	('ggp0jwrmskgfklibs3oq', '2021-06-17 12:59:08', 'jpg', 'image', 64809, 'http://res.cloudinary.com/dbeoyblgx/image/upload/v1623923948/ggp0jwrmskgfklibs3oq.jpg'),
	('gjtup9cmhmbxwmbtwwjk', '2021-06-17 11:48:48', 'jpg', 'image', 110555, 'http://res.cloudinary.com/dbeoyblgx/image/upload/v1623919728/gjtup9cmhmbxwmbtwwjk.jpg'),
	('h5mgssfhkrvtqgvhsmkq', '2021-06-13 14:06:17', 'png', 'image', 4028, 'http://res.cloudinary.com/dbeoyblgx/image/upload/v1623582377/h5mgssfhkrvtqgvhsmkq.png'),
	('homoj8xxx89r88rlfhwy', '2021-06-17 11:15:48', 'jpg', 'image', 100749, 'http://res.cloudinary.com/dbeoyblgx/image/upload/v1623917748/homoj8xxx89r88rlfhwy.jpg'),
	('io0v1a95xlgkrykkfr5h', '2021-06-17 11:55:47', 'jpg', 'image', 22123, 'http://res.cloudinary.com/dbeoyblgx/image/upload/v1623920147/io0v1a95xlgkrykkfr5h.jpg'),
	('iux1hvngxxiylx94rgqy', '2021-06-13 14:50:13', 'jpg', 'image', 749996, 'http://res.cloudinary.com/dbeoyblgx/image/upload/v1623585013/iux1hvngxxiylx94rgqy.jpg'),
	('j68basf2ijjwzaux7ywh', '2021-06-17 14:14:08', 'jpg', 'image', 62323, 'http://res.cloudinary.com/dbeoyblgx/image/upload/v1623928448/j68basf2ijjwzaux7ywh.jpg'),
	('jd9qyhby8zlevu89odqy', '2021-06-13 14:05:13', 'png', 'image', 123357, 'http://res.cloudinary.com/dbeoyblgx/image/upload/v1623582313/jd9qyhby8zlevu89odqy.png'),
	('ju9lrnqzlhfovsu5juqo', '2021-06-17 13:24:39', 'jpg', 'image', 13168, 'http://res.cloudinary.com/dbeoyblgx/image/upload/v1623925479/ju9lrnqzlhfovsu5juqo.jpg'),
	('jv8iqarcezcjfdohst5y', '2021-06-17 13:31:47', 'jpg', 'image', 48726, 'http://res.cloudinary.com/dbeoyblgx/image/upload/v1623925907/jv8iqarcezcjfdohst5y.jpg'),
	('k4dya5obfvrupfdlhcm4', '2021-06-17 12:46:36', 'jpg', 'image', 4123, 'http://res.cloudinary.com/dbeoyblgx/image/upload/v1623923196/k4dya5obfvrupfdlhcm4.jpg'),
	('kbndsgjld78mxizhjxbk', '2021-06-13 14:08:21', 'jpg', 'image', 11148, 'http://res.cloudinary.com/dbeoyblgx/image/upload/v1623582501/kbndsgjld78mxizhjxbk.jpg'),
	('kgswt38hucusjecan1sx', '2021-06-13 14:47:43', 'jpg', 'image', 161986, 'http://res.cloudinary.com/dbeoyblgx/image/upload/v1623584863/kgswt38hucusjecan1sx.jpg'),
	('kjjhnwpu0fqystdlxjbi', '2021-06-17 13:23:01', 'jpg', 'image', 88218, 'http://res.cloudinary.com/dbeoyblgx/image/upload/v1623925381/kjjhnwpu0fqystdlxjbi.jpg'),
	('kn8zitzpanpit6j4xn9l', '2021-06-13 14:10:23', 'png', 'image', 73378, 'http://res.cloudinary.com/dbeoyblgx/image/upload/v1623582623/kn8zitzpanpit6j4xn9l.png'),
	('lbvhqo2mkryuoopdsayf', '2021-06-17 11:22:10', 'jpg', 'image', 237623, 'http://res.cloudinary.com/dbeoyblgx/image/upload/v1623918130/lbvhqo2mkryuoopdsayf.jpg'),
	('mblcbdvofch4p0oua4kr', '2021-06-17 12:57:44', 'jpg', 'image', 42114, 'http://res.cloudinary.com/dbeoyblgx/image/upload/v1623923864/mblcbdvofch4p0oua4kr.jpg'),
	('mgpvm7wdqmzkygdtynfi', '2021-06-13 12:03:52', 'jpg', 'image', 18736, 'http://res.cloudinary.com/dbeoyblgx/image/upload/v1623575032/mgpvm7wdqmzkygdtynfi.jpg'),
	('nbqrumusko8v7l1r3mij', '2021-06-13 12:07:47', 'jpg', 'image', 9039, 'http://res.cloudinary.com/dbeoyblgx/image/upload/v1623575267/nbqrumusko8v7l1r3mij.jpg'),
	('nq0ltxs5zobrjfbzk3tl', '2021-06-17 13:29:22', 'jpg', 'image', 45736, 'http://res.cloudinary.com/dbeoyblgx/image/upload/v1623925762/nq0ltxs5zobrjfbzk3tl.jpg'),
	('odyuyjn7zbowlpeoyzqv', '2021-06-17 14:36:00', 'jpg', 'image', 25892, 'http://res.cloudinary.com/dbeoyblgx/image/upload/v1623929760/odyuyjn7zbowlpeoyzqv.jpg'),
	('pfeelixnxpnkdriy8wwn', '2021-06-13 12:22:00', 'svg', 'image', 1307, 'http://res.cloudinary.com/dbeoyblgx/image/upload/v1623576120/pfeelixnxpnkdriy8wwn.svg'),
	('pxdbakybx0vh7mlmcjhl', '2021-06-17 13:48:19', 'jpg', 'image', 27024, 'http://res.cloudinary.com/dbeoyblgx/image/upload/v1623926899/pxdbakybx0vh7mlmcjhl.jpg'),
	('h93utm7yiu1gcpop7xug', '2021-07-04 15:56:37', 'jpg', 'image', 40882, 'http://res.cloudinary.com/dbeoyblgx/image/upload/v1625403397/h93utm7yiu1gcpop7xug.jpg'),
	('qxa0t2wxsqoknbcxszbm', '2021-06-13 14:39:27', 'jpg', 'image', 44741, 'http://res.cloudinary.com/dbeoyblgx/image/upload/v1623584367/qxa0t2wxsqoknbcxszbm.jpg'),
	('rbi2ii7ko8iw7yvxywf8', '2021-06-13 14:07:13', 'png', 'image', 39537, 'http://res.cloudinary.com/dbeoyblgx/image/upload/v1623582433/rbi2ii7ko8iw7yvxywf8.png'),
	('re15ub9brnwvzup87zqf', '2021-06-13 14:46:37', 'jpg', 'image', 40399, 'http://res.cloudinary.com/dbeoyblgx/image/upload/v1623584797/re15ub9brnwvzup87zqf.jpg'),
	('rf7wt2nvpqpvwil3lqoj', '2021-06-17 17:06:36', 'jpg', 'image', 64741, 'http://res.cloudinary.com/dbeoyblgx/image/upload/v1623938796/rf7wt2nvpqpvwil3lqoj.jpg'),
	('rgz7fun87dpkuvya5ld5', '2021-06-17 14:11:15', 'jpg', 'image', 65329, 'http://res.cloudinary.com/dbeoyblgx/image/upload/v1623928275/rgz7fun87dpkuvya5ld5.jpg'),
	('rq1xohyhuosycyjkxjfz', '2021-06-13 14:40:54', 'jpg', 'image', 24799, 'http://res.cloudinary.com/dbeoyblgx/image/upload/v1623584454/rq1xohyhuosycyjkxjfz.jpg'),
	('sidwame7epzhxwfi4u9c', '2021-06-17 13:18:51', 'jpg', 'image', 106730, 'http://res.cloudinary.com/dbeoyblgx/image/upload/v1623925131/sidwame7epzhxwfi4u9c.jpg'),
	('snov1t1gyuewduqsafvl', '2021-06-13 14:31:43', 'jpg', 'image', 97045, 'http://res.cloudinary.com/dbeoyblgx/image/upload/v1623583903/snov1t1gyuewduqsafvl.jpg'),
	('stsvg0ooq1amibaffm3p', '2021-06-17 11:57:58', 'jpg', 'image', 94759, 'http://res.cloudinary.com/dbeoyblgx/image/upload/v1623920278/stsvg0ooq1amibaffm3p.jpg'),
	('t8gtikftltyre8knm5s7', '2021-06-17 11:46:37', 'jpg', 'image', 31838, 'http://res.cloudinary.com/dbeoyblgx/image/upload/v1623919597/t8gtikftltyre8knm5s7.jpg'),
	('tqosdy4kbpj1p1fihhd3', '2021-06-13 13:59:43', 'png', 'image', 32959, 'http://res.cloudinary.com/dbeoyblgx/image/upload/v1623581983/tqosdy4kbpj1p1fihhd3.png'),
	('ua9dcb9o95wmp5qpriki', '2021-06-17 11:50:42', 'jpg', 'image', 28181, 'http://res.cloudinary.com/dbeoyblgx/image/upload/v1623919842/ua9dcb9o95wmp5qpriki.jpg'),
	('wb0ape10wxeihthebgbw', '2021-06-17 14:22:58', 'jpg', 'image', 102450, 'http://res.cloudinary.com/dbeoyblgx/image/upload/v1623928978/wb0ape10wxeihthebgbw.jpg'),
	('ws7a9uevtuj2q4vwqst3', '2021-06-17 12:52:03', 'jpg', 'image', 79745, 'http://res.cloudinary.com/dbeoyblgx/image/upload/v1623923523/ws7a9uevtuj2q4vwqst3.jpg'),
	('x229d1c1q69epmcm9mv4', '2021-06-17 17:03:51', 'jpg', 'image', 115680, 'http://res.cloudinary.com/dbeoyblgx/image/upload/v1623938631/x229d1c1q69epmcm9mv4.jpg'),
	('xfgbsjzhuhxil1naoqp6', '2021-06-13 14:42:23', 'jpg', 'image', 41890, 'http://res.cloudinary.com/dbeoyblgx/image/upload/v1623584543/xfgbsjzhuhxil1naoqp6.jpg'),
	('xwd2usxn6xb3nygtyh96', '2021-06-17 13:34:19', 'jpg', 'image', 14182, 'http://res.cloudinary.com/dbeoyblgx/image/upload/v1623926059/xwd2usxn6xb3nygtyh96.jpg'),
	('haklweittakrimcre4sw', '2021-07-04 16:05:09', 'png', 'image', 189254, 'http://res.cloudinary.com/dbeoyblgx/image/upload/v1625403909/haklweittakrimcre4sw.png'),
	('z3swj0kxgixyrhwwdhru', '2021-06-17 14:27:55', 'jpg', 'image', 57706, 'http://res.cloudinary.com/dbeoyblgx/image/upload/v1623929275/z3swj0kxgixyrhwwdhru.jpg'),
	('vyl92povd4dihctaxb59', '2021-07-05 00:05:40', 'png', 'image', 10874, 'http://res.cloudinary.com/dbeoyblgx/image/upload/v1625432740/vyl92povd4dihctaxb59.png');

INSERT INTO `company` (`id`, `workers_count`, `logo`, `company_creation_date`, `description`, `income_last_year`, `phone`, `status`, `status_modify_date`, `town`) VALUES
	(2, 360, 'mgpvm7wdqmzkygdtynfi', '1965-07-07 02:00:00', 'Световна компания създадена през 1895 г. в Калифорния, произвеждаща напитки. Най-известната от които е Кока Кола. В България се произвежда от 1965 г.', 3200000.00, '0700 17 117', 'ALLOWED', '2021-06-13 14:16:55', 'София'),
	(3, 745, 'nbqrumusko8v7l1r3mij', '1980-10-23 02:00:00', 'Най-големият в света производител на спортни стоки. Седалището на фирмата продължава да е в Германия, докато производството отдавна е изнесено в други части на света, основно в Азия.', 2470000.00, '02 811 42 00', 'ALLOWED', '2021-06-20 14:16:57', 'София'),
	(4, 200, 'pfeelixnxpnkdriy8wwn', '2000-03-15 02:00:00', 'Международна компания за производство на козметични продукти от натурални съставки.  Характеризира се с бързо разрастваща се търговия.', 430540.00, '2 9231600', 'ALLOWED', '2021-06-13 14:17:02', 'София'),
	(5, 124, 'dhfvcsq4jtkpuzwvftb3', '1995-05-09 03:00:00', 'Производител на часовници, регистрирана в Женева, Швейцария. Компанията е създадена през 1905 г. Произвежда високо качество луксозни часовници, чиято цена варира между $6500 и $75 000', 546000.00, '02 981 38 70', 'ALLOWED', '2021-06-13 14:17:06', 'София'),
	(6, 854, 'tqosdy4kbpj1p1fihhd3', '2005-02-23 02:00:00', 'На световния пазар е известен като производител на високотехнологични компоненти, телекомуникационно оборудване. Главният офис на компанията е разположен в Сеул.', 4320000.00, '03265347', 'ALLOWED', '2021-06-13 14:17:09', 'Пловдив'),
	(7, 98, 'ay7kz2bzgahhgpn4zs9x', '2003-06-11 03:00:00', 'Kenzo е френска луксозна модна къща, основана през 1970 г. от японския дизайнер Kenzo Takada и собственост на компанията-майка LVMH.', 5400000.00, '0898466525', 'ALLOWED', '2021-06-13 14:17:16', 'Варна'),
	(8, 65, 'a7dpafmzbnepgiewj03y', '2018-06-12 03:00:00', 'Компания произвежда  спортни хранителни добавки с продукти във всяка категория - протеинови барове, протеинови напитки, RTD спортни напитки, витамини, минерали или билки за оптимално хранене.', 123000.00, '0897654221', 'ALLOWED', '2021-06-13 14:17:39', 'Габрово'),
	(9, 123, 'etouqwhvvsloaletzazn', '1999-06-16 03:00:00', 'Основният производствен обект на Tefal предоставя 45 милиона нови бройки всяка година и се намира в Rumilly, Франция. Известна с патентоването на „тигана с незалепващо покритие“ през 1954 г.', 378000.00, '0896543444', 'ALLOWED', '2021-06-13 14:17:43', 'Стара Загора'),
	(10, 45, 'jd9qyhby8zlevu89odqy', '2000-07-13 03:00:00', 'Водеща компания в България с над 15-годишен опит в производството и дистрибуцията на матраци, и над 20 годишен опит с производство и дистрибуция на мебели и материали за мебелното производство.', 46000.00, '0800 40 100', 'ALLOWED', '2021-06-13 14:17:52', 'Севлиево'),
	(11, 665, 'h5mgssfhkrvtqgvhsmkq', '2001-06-12 03:00:00', 'Вече над 20 години МЕКСОН ООД е с безспорна лидерска позиция на българския пазар. Със своя дългогодишен опит и професионализъм в сферата на битовата химия, компанията е символ и гаранция за качество и безупречна чистота.', 650000.00, '032 502 009', 'ALLOWED', '2021-06-13 14:17:56', 'Пловдив'),
	(12, 332, 'rbi2ii7ko8iw7yvxywf8', '2013-10-16 03:00:00', 'Американска компания, производител на сапуни, почистващи препарати, паста за зъби, четки за зъби, както и на ветеринарни продукти.', 740000.00, '02 421 59 21', 'ALLOWED', '2021-06-13 14:18:00', 'София'),
	(13, 43, 'kbndsgjld78mxizhjxbk', '1979-06-13 02:00:00', '„Слънчо” АД е производител на детски каши на зърнена основа, детски пюрета, сокчета и нектари, пшенични пръчици и зърнени храни.', 87000.00, '0631/ 6 01 65', 'UNRESOLVED', NULL, 'Свищов'),
	(14, 233, 'cyvsfvwht60r17qtsban', '1998-06-17 03:00:00', 'Нидерландска компания, която е сред най-големите световни производители на електроника.', 27000.00, '2/489 99 96', 'BLOCKED', '2021-06-13 14:17:28', 'София'),
	(15, 56, 'kn8zitzpanpit6j4xn9l', '1992-05-12 03:00:00', 'Фирма за пакетиране и продажба на подправки от цял свят. Поддържа голям асортимент на продукти.', 45000.00, '066/804 436', 'UNRESOLVED', NULL, 'Габрово'),
	(16, 314, 'efnfpbeedzij4g7aktdr', '2003-06-11 03:00:00', 'Мултинационална компания със седалище във Вьове, Швейцария, за производство на хранителни продукти, безалкохолни напитки и др., основана през 1866 г.', 139000.00, '02 9390 333', 'BLOCKED', '2021-06-13 14:17:48', 'София'),
	(17, 350, 'vyl92povd4dihctaxb59', '1980-02-06 02:00:00', 'Milka е марка шоколадови изделия, която от 2012 г. се произвежда от Mondelez International. Освен характерния лилав цвят и лого, марката има добре и познат символ-талисман – лилава крава, с бели шарки и бяла глава.', 32000.00, '0885003423', 'UNRESOLVED', NULL, 'София');

INSERT INTO `ad` (`id`, `creation_date`, `is_blocked`, `min_subscribers`, `min_videos`, `min_views`, `reward`, `description`, `title`, `valid_to`, `creator_id`, `picture_id`) VALUES
	(1, '2021-06-13 14:30:45', b'0', NULL, 100, NULL, 50.00, 'Предлага великолепен фюжън от вкусове и аромати с ниско съдържание на калории. На българския пазар премиум марката включва 4 вкуса.', 'Fuzetea', '2021-09-11', 2, 'akutw6navntdjbmcqpde'),
	(2, '2021-06-13 14:31:45', b'0', NULL, NULL, NULL, 43.00, 'Свежа газирана напитка с вкус на лимон и лайм. На българския пазар е от 1992 г. Освежаващият и ярък вкус го нарежда сред предпочитаните напитки в над 190 държави.', 'Sprite', '2021-11-30', 2, 'snov1t1gyuewduqsafvl'),
	(3, '2021-06-13 14:32:33', b'0', NULL, 80, NULL, 60.00, 'Хубавото време идва със страхотния тропически вкус на новата Fanta. Искряща, дръзка и още по-вкусна!', 'Fanta', '2021-05-23', 2, 'cye8bipjqcr8iamjbdyi'),
	(4, '2021-06-13 14:33:24', b'0', NULL, 70, NULL, 54.00, 'Освежителна напитка без подсладители и предназначена за спортуващи.', 'Schweppes', '2021-11-15', 2, 'h93utm7yiu1gcpop7xug'),
	(5, '2021-06-13 14:39:30', b'0', 40, 60, 73, 120.00, 'Произведени от естествена кожа с дишашаща основа и подплатени със силиконови продукти.', 'Маратонки Adidas', '2021-08-27', 3, 'qxa0t2wxsqoknbcxszbm'),
	(6, '2021-06-13 14:40:57', b'0', 54, 50, 120, 100.00, 'Произведена от памучна материя с ръчно изработена щампа.', 'Тениска Adidas', '2021-09-09', 3, 'rq1xohyhuosycyjkxjfz'),
	(7, '2021-06-13 14:42:25', b'0', NULL, 120, NULL, 60.00, 'Изработена от естествена кожа, с много подразделения.', 'Чанта Adidas', '2021-08-24', 3, 'xfgbsjzhuhxil1naoqp6'),
	(8, '2021-06-13 14:46:40', b'0', 30, 55, 100, 54.00, 'Универсален хидратиращ крем с меко въздействие.', 'Крем Nivea', '2021-08-23', 4, 're15ub9brnwvzup87zqf'),
	(9, '2021-06-13 14:47:45', b'0', NULL, 44, NULL, 39.00, 'Универсален продукт с натурални продукти без остатъчни субстанции.', 'Шампоан Nivea', '2021-12-14', 4, 'kgswt38hucusjecan1sx'),
	(10, '2021-06-13 14:48:55', b'0', 12, 140, 50, 58.00, 'Мек натурален сапун, съставен от извлек на маточина и лайка.', 'Сапун Nivea', '2021-11-30', 4, 'dldi3xhs1n9b99jxwmtg'),
	(11, '2021-06-13 14:50:15', b'0', NULL, 100, NULL, 100.00, 'Освежаващ дезодорант, предназначен за спортисти със силно физичесто натоварване.', 'Дезодорант Nivea', '2021-08-12', 4, 'iux1hvngxxiylx94rgqy'),
	(12, '2021-06-17 11:15:48', b'0', 56, 77, 90, 80.00, 'Тази линия е известна със своята устойчивост на вода и корозия. Елегантен часовник подходящ за всички случаи.', 'Rolex Submariner', '2021-12-23', 5, 'homoj8xxx89r88rlfhwy'),
	(13, '2021-06-17 11:22:10', b'0', 100, 100, NULL, 100.00, 'Кварцов часовник с ограничен брой на производство, има повече колекционерска стойност.', 'Часовник Rolex Oysterquartz', '2021-08-08', 5, 'lbvhqo2mkryuoopdsayf'),
	(14, '2021-06-17 11:25:43', b'0', 80, 130, 60, 130.00, 'Пропускат между 8% - 18% от слънчевата светлина. Подходящи са при много ярка слънчева светлина.', 'Слънчеви дамски очила Rolex', '2021-07-25', 5, 'cubtu9xxg4qgk4ma5paa'),
	(15, '2021-06-17 11:28:04', b'0', 35, 100, 40, 100.00, 'Пропускат между 10% - 23% от слънчевата светлина. Подходящи са при планински условия.', 'Слънчеви мъжки очила Rolex', '2021-07-28', 5, 'bity0tvlhurrsinl1gpl'),
	(16, '2021-06-17 11:46:38', b'0', 37, 100, 82, 100.00, 'C пpeмиyм дизaйн, тънъĸ пpoфил, фaнтacтични пacтeлни цвeтoвe и бляcĸaвo пoĸpитиe!C бaтepия c гoлям ĸaпaцитeт 4500mАh и възмoжнocттa зa бъpзo зapeждaнe (15W).', 'Ѕаmѕung Gаlаху А71', '2021-12-15', 6, 't8gtikftltyre8knm5s7'),
	(17, '2021-06-17 11:48:48', b'0', 56, 100, 35, 100.00, 'Има 4 GB RAM и 128 GB постоянна памет,  конфигурацията е като на масов Android таблет.', 'Лаптоп Galaxy Book Go', '2021-11-02', 6, 'gjtup9cmhmbxwmbtwwjk'),
	(18, '2021-06-17 11:50:42', b'0', 67, 22, NULL, 100.00, 'Новите умни часовници Galaxy Watch се предлагат без приставката Gear в моделното си обозначение и са снабдени с мрежови връзки 3G и LTE.', 'Смарт часовници на Samsung', '2021-11-08', 6, 'ua9dcb9o95wmp5qpriki'),
	(19, '2021-06-17 11:55:48', b'0', 23, 33, 50, 80.00, 'Женствената и чувствена ароматна комбинция се отваря със сочни акорди червена ябълка, която плавно прелива в магическото и цветно присъствие на ароматна лилия и сладък божур.', 'Kenzo L`eau Intense женски парфюм', '2021-08-20', 7, 'io0v1a95xlgkrykkfr5h'),
	(20, '2021-06-17 11:57:58', b'0', 12, 100, 80, 100.00, 'Пропускат между 8% - 18% от слънчевата светлина. Подходящи са при много ярка слънчева светлина.', 'Слънчеви очила Kenzo', '2021-09-23', 7, 'stsvg0ooq1amibaffm3p'),
	(21, '2021-06-17 12:46:36', b'0', 14, 56, 45, 60.00, 'Удобна раница, подходяща за спортна употреба с много раздели, изработена от полиестер и синтетика.', 'Спортна раница Kenzo', '2021-11-02', 7, 'k4dya5obfvrupfdlhcm4'),
	(22, '2021-06-17 12:52:03', b'0', 34, 60, 37, 120.00, 'Суроватъчният протеин е най-добрият вид протеин на прах заради балансираните нива на важни аминокиселини. ', 'Протеини Optimum', '2021-09-15', 8, 'ws7a9uevtuj2q4vwqst3'),
	(23, '2021-06-17 12:55:09', b'0', 34, 59, 89, 110.00, 'Продукт за мъже с комплекс от мултивитамини и минерали. Съдържа над 45 активни съставки', 'Мултивитамини Optimum', '2021-08-26', 8, 'ggp0jwrmskgfklibs3oq'),
	(24, '2021-06-17 12:57:44', b'0', 100, 100, 35, 110.00, 'Удобни за прием навсякъде по всяко време, когато  силите ви напускат или просто искате да подобрите резултатите си.', 'Енергетици Optimum', '2021-12-14', 8, 'mblcbdvofch4p0oua4kr'),
	(25, '2021-06-17 13:18:51', b'0', 56, 130, 12, 78.00, 'Продуктът е с уникален термодатчик. Той не само показва топлина, но и го сравнява с режима на настройка (пържене, задушаване или печене на скара).', 'Tefal тиган', '2021-07-22', 9, 'sidwame7epzhxwfi4u9c'),
	(26, '2021-06-17 13:21:01', b'0', 10, 40, 35, 45.00, 'Модерен и стилен дизайн в инокс и черен цвят и разполага с оребрена повърхност за готвене. Уредът е удобен и лесен за употреба.', 'Професионална скара  Tefal', '2021-08-24', 9, 'ju9lrnqzlhfovsu5juqo'),
	(27, '2021-06-17 13:23:02', b'0', 89, 80, 24, 78.00, 'Скоростта, температурата и времето за готвене се регулират с помощта на лесния за употреба контролен панел, за да ги настроите напълно към ястието, което приготвяте.', 'Мултикукър Tefal', '2021-12-15', 9, 'kjjhnwpu0fqystdlxjbi'),
	(28, '2021-06-17 13:29:22', b'0', 45, 66, 21, 100.00, 'Произведен от висококачествени материали като 7-зонова пяна, която разпределя тежестта равномерно, действа релаксиращо и същевременно доставя индивидуален комфорт на всяка част от тялото.', 'Матраци НАНИ', '2021-09-15', 10, 'nq0ltxs5zobrjfbzk3tl'),
	(29, '2021-06-17 13:31:47', b'0', 35, 34, 14, 45.00, 'Притежава ортопедични свойства, така че е изключително добра за тези, които имат шипове, болки в раменете и врата или страдат от главоболие.', 'Възглавници НАНИ', '2021-12-01', 10, 'jv8iqarcezcjfdohst5y'),
	(30, '2021-06-17 13:34:19', b'0', 43, 56, 18, 78.00, 'Водонепромокаем протектор за матрак Sleepy е задължителен аксесоар към всеки матрак. Удължава живота на матрака и го предпазва от намокряне и замърсяване.', 'Протектор НАНИ', '2021-07-27', 10, 'xwd2usxn6xb3nygtyh96'),
	(31, '2021-06-17 13:39:03', b'0', 23, 34, 53, 20.00, 'Дезинфектант за ръце без отмиване - почиства и дезинфекцира само за секунди, без необходимост от вода и сапун.', 'Дезинфикциращ гел за ръце Мedix', '2021-07-22', 11, 'dlswx5uchdoozbr6a44n'),
	(32, '2021-06-17 13:40:44', b'0', 34, 78, 55, 23.00, 'Бързо и лесно почиства зацапани повърхности, като е с нежна грижа към кожата.', 'Почистващ препарат Мedix', '2021-08-17', 11, 'br9sjq24se98pqqiv8ne'),
	(33, '2021-06-17 13:46:15', b'0', 35, 90, 50, 45.00, 'Съчетава клинично доказани оптични избелители които отразяват светлината, с уникални почистващи частици, които безопасно премахват петната, което прави зъбите гладки, чиста и видимо по-бели незабавно.', 'Паста за зъби Colgate', '2021-08-18', 12, 'condnm7bkbknqdj2a79h'),
	(34, '2021-06-17 13:48:19', b'0', 45, 34, 30, 46.00, 'Четка за зъби с мек гумен чистач за език, който нежно премахва неприятния мирис, причинен от бактериите.', 'Ултразвукова четка', '2021-09-16', 12, 'pxdbakybx0vh7mlmcjhl'),
	(35, '2021-06-17 14:11:15', b'0', 25, 140, 50, 35.00, 'Мека памучна шапка, подходяща за слънчево време с достатъчно широка козирка, осигуряваща сянка.', 'Шапка на Coca Cola', '2021-02-05', 2, 'rgz7fun87dpkuvya5ld5'),
	(36, '2021-06-17 14:14:08', b'0', 23, 120, 40, 35.00, 'Памучна тениска, подходяща за спортуване и с рекламна емлема на компанията.', 'Тениска на Coca Cola', '2021-04-01', 2, 'j68basf2ijjwzaux7ywh'),
	(37, '2021-06-17 14:17:07', b'0', 100, 76, 33, 67.00, 'Спортна чанта с голям обем от екокожа, удобна за спортното ви ежедневие.', 'Чанта на Coca Cola', '2021-12-14', 2, 'haklweittakrimcre4sw'),
	(38, '2021-06-17 14:19:51', b'0', 68, 25, 60, 100.00, 'Напитката представя известни личности в нашето ежедневие и предоставя много награди през цялата година.', 'Cola popular', '2021-08-27', 2, 'cqlbpne4w6apf8rvergx'),
	(39, '2021-06-17 14:22:59', b'1', 45, 89, 60, 34.00, 'Топката е изработена от телешка кожа, предназначена за футбол и  с голяма гаранция.', 'Топка Coca Cola', '2021-08-23', 2, 'wb0ape10wxeihthebgbw'),
	(40, '2021-06-17 14:27:55', b'1', 100, 89, 34, 136.00, 'Елегантни обувки за всякакъв случай, изработени от естествена кожа с добавка на изкуствени камъни и стъкло.', 'Обувки Coca Cola', '2021-07-22', 2, 'z3swj0kxgixyrhwwdhru'),
	(41, '2021-06-17 14:33:03', b'0', 67, 23, 40, 56.00, 'Много удобно и елегантно портфейлче за летните и топли дни.', 'Coca cola classic', '2021-08-05', 2, 'sizfvniozyvbcj1e4zdo'),
	(42, '2021-06-17 14:36:00', b'1', 34, 67, 90, 45.00, 'Памучни ръкавици за ежедневна работа, предпазващи от остри предмети и замърсявания.', 'Ръкавици', '2021-11-03', 2, 'odyuyjn7zbowlpeoyzqv'),
	(43, '2021-06-17 17:03:52', b'0', 65, 57, 33, 16.00, 'Напитката е без консерванти, подходяща за употреба от подрастващи.', 'Coca Cola light', '2021-01-23', 2, 'x229d1c1q69epmcm9mv4'),
	(44, '2021-06-17 17:06:37', b'1', 45, 56, 45, 45.00, 'Подходяща напитка за спортисти и хора, полагащи тежък физически труд.', 'Coca Cola junior', '2021-08-25', 2, 'rf7wt2nvpqpvwil3lqoj');

INSERT INTO `characteristic` (`id`, `name`, `value`, `ad_id`) VALUES
	(1, 'Консумация', 'Силно охладено!', 1),
	(2, 'Размер', '37, 38, 39', 5),
	(3, 'Цвят', 'Черни, Сини', 5),
	(4, 'Размер', 'XXL', 6),
	(5, 'Цвят', 'Черен, Червен', 6),
	(6, 'Материя', 'Памук', 6),
	(7, 'Кожа', 'Естествена', 7),
	(8, 'Цвят', 'Черен, Син', 7),
	(9, 'Против', 'Бръчки, Напукана кожа', 8),
	(10, 'Ароман', 'Вишня, Лимон, Череша', 10),
	(11, 'Пол', 'Мъжки', 11),
	(12, 'Количество', '200мл', 11),
	(13, 'водоустойчовст', 'средна', 13),
	(14, 'цвят', 'червен,син и бял', 14),
	(15, 'цвят', 'чер, син и зелен', 15),
	(16, 'вид на камерата', 'четворна', 16),
	(17, 'цена', '1500 лв.', 17),
	(18, 'зареждане', 'индуктивно', 18),
	(19, 'аромат', 'ванилия', 19),
	(20, 'грамове', '150', 19),
	(21, 'слънцезащита', 'висока', 20),
	(22, 'цвят', 'син, чер и бял', 20),
	(23, 'кожа', 'екокожа', 21),
	(24, 'цвят', 'розов, зелен и бял', 21),
	(25, 'протеин', '27 г', 22),
	(26, 'въглехидрати', '13 г', 22),
	(27, 'калории', '120', 22),
	(28, 'антиоксиданти', '13 г', 23),
	(29, 'мазнини', '1 г', 23),
	(30, 'калории', '130', 23),
	(31, 'въглехидрати', '23 г', 24),
	(32, 'мазнини', '2 г', 24),
	(33, 'калории', '210', 24),
	(34, 'диаметър', '28 см', 25),
	(35, 'състав', 'алуминии', 25),
	(36, 'програми', '6', 26),
	(37, 'програми', '24', 27),
	(38, 'цвят', 'чер', 27),
	(39, 'височина', '27 см', 28),
	(40, 'състав', 'мемори пяна', 28),
	(41, 'състав', 'гъши пух', 29),
	(42, 'размери', '23х35 см', 29),
	(43, 'състав', 'памук', 30),
	(44, 'размери', '200х160 см', 30),
	(45, 'съдържание', 'хлорактинин', 31),
	(46, 'производител', 'Colgate Palmolive Co.', 33),
	(47, 'производител', 'Colgate-Palmolive (UK) Limited', 34),
	(48, 'материя', 'памук', 35),
	(49, 'размер', 's, m', 35),
	(50, 'състав', 'памук', 36),
	(51, 'размер', '36, 42, 44', 36),
	(52, 'цвят', 'червен и син', 36),
	(53, 'материя', 'екокожа', 37),
	(54, 'размери', '34х56 см', 37),
	(55, 'тегло', '120 г', 38),
	(56, 'състав', 'естествена кожа', 39),
	(57, 'размер', 'XL', 39),
	(58, 'цвят', 'червен и бял', 40),
	(59, 'размер', 's', 40),
	(60, 'състав', 'с натурални подсладители', 41),
	(61, 'обем', '1.5 l', 41),
	(62, 'състав', 'памук', 42),
	(63, 'размер', 's, L', 42);

INSERT INTO `youtuber` (`id`, `email`, `name`, `channel_id`, `description`, `profile_picture`, `published_at`, `subscriber_count`, `video_count`, `view_count`, `update_date`) VALUES
	(1, 'slav13@gmail.com', 'slav13', 'UCVno060y3oHvkeCoYO1i6Jg', '', 'https://res.cloudinary.com/dbeoyblgx/image/upload/v1624711882/m1_fsueuw.jpg', '2006-11-30 00:00:00', 1380, 43, 80000, '2021-02-13 14:23:00'),
	(2, 'velik@gmail.com', 'Михаил Великов', 'UC5udMqIHDDKwZ0cHK8QTTdw', '', 'https://res.cloudinary.com/dbeoyblgx/image/upload/v1624711882/m2_lhkora.jpg', '2011-12-16 00:00:00', 1240, 56, 134000, '2021-04-12 12:23:00'),
	(3, 'juji32@gmail.com', 'junior 32', 'UC70XutueUzjN5IDLCslgcXQ', 'Deixe seus likes se gostarem do vídeo obrigado. ', 'https://res.cloudinary.com/dbeoyblgx/image/upload/v1624711882/m3_eguuxt.jpg', '2019-04-04 00:00:00', 1004, 56, 11540, '2021-03-23 13:26:00'),
	(4, 'popov@gmail.com', 'Marto Popov', 'UCljyAoowyeDNAWvY1VvwF6A', 'Аз се казвам Мартин Попов. Над 15 години се занимавам с онлайн маркетинг и реклама. ', 'https://res.cloudinary.com/dbeoyblgx/image/upload/v1624711882/m4_yxtbgj.jpg', '2018-01-03 00:00:00', 1410, 67, 55335, '2021-03-19 17:13:00'),
	(5, 'ivodim@gmail.com', 'Ivo Dimitrov', 'UCr3RckT8XrhIRfPaRLFBN0g', 'Винаги се стремя към подобрения, като се ръководя от абонатите си.', 'https://res.cloudinary.com/dbeoyblgx/image/upload/v1624711882/m5_tddoec.jpg', '2012-07-31 00:00:00', 1110, 90, 36317, '2021-05-03 10:03:00'),
	(6, 'lia66@gmail.com', 'Lia Katerova', 'UCC2Tf-ekdfHqGuMiVDCn3NQ', '', 'https://res.cloudinary.com/dbeoyblgx/image/upload/v1624711882/m6._aapvz3.jpg', '2015-11-05 00:00:00', 38, 17, 3666, '2021-05-13 14:23:00'),
	(7, 'ramm@gmail.com', 'Rammor', 'UCeOuY27OfgZ5n3F581yV8uQ', ' Deep house producer and DJ whose ambitious chill music is filled with summer vibes and warm nostalgia.', 'https://res.cloudinary.com/dbeoyblgx/image/upload/v1624711882/m7_upwi26.jpg', '2014-10-05 00:00:00', 146000, 187, 98000, '2021-04-13 09:23:00'),
	(8, 'georg@gmail.com', 'George Alex', 'UC62xK66i6k0GHxoq0wWaXFg', ' Step into Mentoring Club and grow and develop in the community of seekers!', 'https://res.cloudinary.com/dbeoyblgx/image/upload/v1624711882/m8_thrg89.jpg', '2008-11-09 00:00:00', 2960, 78, 335000, '2021-05-13 18:29:00'),
	(9, 'mira98@gmail.com', 'Mira Me', 'UC7_D7jYrnGt9a00hOlheK-A', 'Auf meinem Kanal findest du Spiele/Let`s Play`s jeglicher Art.', 'https://res.cloudinary.com/dbeoyblgx/image/upload/v1624711882/m9_ym7tgf.jpg', '2016-01-02 00:00:00', 674, 34, 327000, '2021-03-19 09:09:00'),
	(10, 'alex97@gmail.com', 'Alex Ercan', 'UC5aBinro-En6pzX-pj3CtqQ', 'Highly talented DJ and producer from Romania. His projects, "Clubbing Session", "Romanian Deep House" ', 'https://res.cloudinary.com/dbeoyblgx/image/upload/v1624711882/m10_lcarls.jpg', '2020-05-15 00:00:00', 2500, 98, 70000, '2021-02-13 11:00:00'),
	(11, 'ivaylo.nikolaev98@gmail.com', 'Ivaylo Ivanov', 'UCokUgLHh1WxnztN5CC73m7Q', 'Ще качвам клипове свързани с програмиране, с най-новите технологии.', 'https://yt3.ggpht.com/-qWpvFVm5sGteXHrB1LyWYfuTAgS_v1d9_j_XX8Mmk1-oveb1XyFDTqIH5v_cyTi6yUbGi9Pdw=s800-c-k-c0x00ffffff-no-rj', '2021-06-19 22:52:56', 1, 4, 45, '2021-07-03 22:41:31');

INSERT INTO `ad_rating` (`youtuber_id`, `ad_id`, `creation_date`, rating) VALUES
    (2, 1, '2021-06-13 14:30:45', 4),
    (2, 2, '2021-06-13 14:30:45', 1),
    (2, 3, '2021-06-13 14:30:45', 2),
    (2, 4, '2021-06-13 14:30:45', 3),
    (2, 5, '2021-06-13 14:30:45', 1),
    (2, 12, '2021-06-13 14:30:45', 4),
    (2, 42, '2021-06-13 14:30:45', 2),
    (2, 43, '2021-06-13 14:30:45', 5),
    (2, 44, '2021-06-13 14:30:45', 2),
    (3, 1, '2021-06-13 14:30:45', 4),
    (3, 2, '2021-06-13 14:30:45', 5),
    (3, 3, '2021-06-13 14:30:45', 3),
    (3, 4, '2021-06-13 14:30:45', 5),
    (3, 5, '2021-06-13 14:30:45', 2),
    (3, 6, '2021-06-13 14:30:45', 5),
    (3, 7, '2021-06-13 14:30:45', 2),
    (3, 8, '2021-06-13 14:30:45', 5),
    (3, 9, '2021-06-13 14:30:45', 1),
    (3, 10, '2021-06-13 14:30:45', 5),
    (3, 11, '2021-06-13 14:30:45', 4),
    (3, 12, '2021-06-13 14:30:45', 1),
    (3, 13, '2021-06-13 14:30:45', 1),
    (3, 14, '2021-06-13 14:30:45', 5),
    (3, 15, '2021-06-13 14:30:45', 2),
    (3, 16, '2021-06-13 14:30:45', 3),
    (3, 17, '2021-06-13 14:30:45', 5),
    (3, 18, '2021-06-13 14:30:45', 2),
    (3, 19, '2021-06-13 14:30:45', 2),
    (3, 20, '2021-06-13 14:30:45', 5),
    (3, 21, '2021-06-13 14:30:45', 5),
    (3, 22, '2021-06-13 14:30:45', 3),
    (3, 23, '2021-06-13 14:30:45', 2),
    (3, 24, '2021-06-13 14:30:45', 4),
    (3, 25, '2021-06-13 14:30:45', 4),
    (3, 26, '2021-06-13 14:30:45', 5),
    (3, 27, '2021-06-13 14:30:45', 3),
    (3, 28, '2021-06-13 14:30:45', 5),
    (3, 29, '2021-06-13 14:30:45', 5),
    (3, 30, '2021-06-13 14:30:45', 2),
    (3, 31, '2021-06-13 14:30:45', 1),
    (3, 32, '2021-06-13 14:30:45', 3),
    (3, 33, '2021-06-13 14:30:45', 3),
    (3, 34, '2021-06-13 14:30:45', 3),
    (3, 35, '2021-06-13 14:30:45', 1),
    (3, 36, '2021-06-13 14:30:45', 3),
    (3, 37, '2021-06-13 14:30:45', 5),
    (3, 38, '2021-06-13 14:30:45', 5),
    (3, 39, '2021-06-13 14:30:45', 5),
    (3, 40, '2021-06-13 14:30:45', 2),
    (3, 41, '2021-06-13 14:30:45', 5),
    (3, 42, '2021-06-13 14:30:45', 2),
    (3, 43, '2021-06-13 14:30:45', 2),
    (3, 44, '2021-06-13 14:30:45', 2),
    (4, 1, '2021-06-13 14:30:45', 1),
    (4, 2, '2021-06-13 14:30:45', 4),
    (4, 3, '2021-06-13 14:30:45', 4),
    (4, 4, '2021-06-13 14:30:45', 3),
    (4, 5, '2021-06-13 14:30:45', 2),
    (4, 6, '2021-06-13 14:30:45', 3),
    (4, 7, '2021-06-13 14:30:45', 5),
    (4, 8, '2021-06-13 14:30:45', 3),
    (4, 9, '2021-06-13 14:30:45', 2),
    (4, 10, '2021-06-13 14:30:45', 2),
    (4, 11, '2021-06-13 14:30:45', 5),
    (4, 12, '2021-06-13 14:30:45', 4),
    (4, 13, '2021-06-13 14:30:45', 1),
    (4, 14, '2021-06-13 14:30:45', 1),
    (4, 15, '2021-06-13 14:30:45', 1),
    (4, 16, '2021-06-13 14:30:45', 2),
    (4, 17, '2021-06-13 14:30:45', 2),
    (4, 18, '2021-06-13 14:30:45', 5),
    (4, 19, '2021-06-13 14:30:45', 5),
    (4, 20, '2021-06-13 14:30:45', 5),
    (4, 21, '2021-06-13 14:30:45', 2),
    (4, 22, '2021-06-13 14:30:45', 3),
    (4, 23, '2021-06-13 14:30:45', 3),
    (4, 24, '2021-06-13 14:30:45', 4),
    (4, 25, '2021-06-13 14:30:45', 5),
    (4, 26, '2021-06-13 14:30:45', 4),
    (4, 27, '2021-06-13 14:30:45', 3),
    (4, 28, '2021-06-13 14:30:45', 5),
    (4, 29, '2021-06-13 14:30:45', 2),
    (4, 30, '2021-06-13 14:30:45', 5),
    (4, 31, '2021-06-13 14:30:45', 3),
    (4, 32, '2021-06-13 14:30:45', 3),
    (4, 33, '2021-06-13 14:30:45', 3),
    (4, 34, '2021-06-13 14:30:45', 2),
    (4, 35, '2021-06-13 14:30:45', 1),
    (4, 36, '2021-06-13 14:30:45', 4),
    (4, 37, '2021-06-13 14:30:45', 2),
    (4, 38, '2021-06-13 14:30:45', 2),
    (4, 39, '2021-06-13 14:30:45', 1),
    (4, 40, '2021-06-13 14:30:45', 5),
    (4, 41, '2021-06-13 14:30:45', 1),
    (4, 42, '2021-06-13 14:30:45', 2),
    (4, 43, '2021-06-13 14:30:45', 4),
    (4, 44, '2021-06-13 14:30:45', 5),
    (5, 1, '2021-06-13 14:30:45', 5),
    (5, 2, '2021-06-13 14:30:45', 3),
    (5, 3, '2021-06-13 14:30:45', 1),
    (5, 4, '2021-06-13 14:30:45', 5),
    (5, 5, '2021-06-13 14:30:45', 5),
    (5, 6, '2021-06-13 14:30:45', 2),
    (5, 7, '2021-06-13 14:30:45', 4),
    (5, 8, '2021-06-13 14:30:45', 3),
    (5, 9, '2021-06-13 14:30:45', 4),
    (5, 10, '2021-06-13 14:30:45', 1),
    (5, 11, '2021-06-13 14:30:45', 2),
    (5, 12, '2021-06-13 14:30:45', 2),
    (5, 13, '2021-06-13 14:30:45', 5),
    (5, 14, '2021-06-13 14:30:45', 3),
    (5, 15, '2021-06-13 14:30:45', 3),
    (5, 16, '2021-06-13 14:30:45', 3),
    (5, 17, '2021-06-13 14:30:45', 5),
    (5, 18, '2021-06-13 14:30:45', 2),
    (5, 19, '2021-06-13 14:30:45', 5),
    (5, 20, '2021-06-13 14:30:45', 3),
    (5, 21, '2021-06-13 14:30:45', 4),
    (5, 22, '2021-06-13 14:30:45', 1),
    (5, 23, '2021-06-13 14:30:45', 2),
    (5, 24, '2021-06-13 14:30:45', 1),
    (5, 25, '2021-06-13 14:30:45', 5),
    (5, 26, '2021-06-13 14:30:45', 2),
    (5, 27, '2021-06-13 14:30:45', 5),
    (5, 28, '2021-06-13 14:30:45', 2),
    (5, 29, '2021-06-13 14:30:45', 1),
    (5, 30, '2021-06-13 14:30:45', 4),
    (5, 31, '2021-06-13 14:30:45', 5),
    (5, 32, '2021-06-13 14:30:45', 4),
    (5, 33, '2021-06-13 14:30:45', 3),
    (5, 34, '2021-06-13 14:30:45', 5),
    (5, 35, '2021-06-13 14:30:45', 3),
    (5, 36, '2021-06-13 14:30:45', 4),
    (5, 37, '2021-06-13 14:30:45', 1),
    (5, 38, '2021-06-13 14:30:45', 3),
    (5, 39, '2021-06-13 14:30:45', 2),
    (5, 40, '2021-06-13 14:30:45', 4),
    (5, 41, '2021-06-13 14:30:45', 5),
    (5, 42, '2021-06-13 14:30:45', 1),
    (5, 43, '2021-06-13 14:30:45', 2),
    (5, 44, '2021-06-13 14:30:45', 3),
    (6, 1, '2021-06-13 14:30:45', 1),
    (6, 2, '2021-06-13 14:30:45', 1),
    (6, 3, '2021-06-13 14:30:45', 1),
    (6, 4, '2021-06-13 14:30:45', 1),
    (6, 5, '2021-06-13 14:30:45', 5),
    (6, 6, '2021-06-13 14:30:45', 2),
    (6, 7, '2021-06-13 14:30:45', 3),
    (6, 8, '2021-06-13 14:30:45', 1),
    (6, 9, '2021-06-13 14:30:45', 3),
    (6, 10, '2021-06-13 14:30:45', 3),
    (6, 11, '2021-06-13 14:30:45', 5),
    (6, 12, '2021-06-13 14:30:45', 4),
    (6, 13, '2021-06-13 14:30:45', 1),
    (6, 14, '2021-06-13 14:30:45', 1),
    (6, 15, '2021-06-13 14:30:45', 2),
    (6, 16, '2021-06-13 14:30:45', 3),
    (6, 17, '2021-06-13 14:30:45', 1),
    (6, 18, '2021-06-13 14:30:45', 1),
    (6, 19, '2021-06-13 14:30:45', 4),
    (6, 20, '2021-06-13 14:30:45', 4),
    (6, 21, '2021-06-13 14:30:45', 4),
    (6, 22, '2021-06-13 14:30:45', 4),
    (6, 23, '2021-06-13 14:30:45', 4),
    (6, 24, '2021-06-13 14:30:45', 2),
    (6, 25, '2021-06-13 14:30:45', 2),
    (6, 26, '2021-06-13 14:30:45', 1),
    (6, 27, '2021-06-13 14:30:45', 1),
    (6, 28, '2021-06-13 14:30:45', 2),
    (6, 29, '2021-06-13 14:30:45', 3),
    (6, 30, '2021-06-13 14:30:45', 5),
    (6, 31, '2021-06-13 14:30:45', 4),
    (6, 32, '2021-06-13 14:30:45', 3),
    (6, 33, '2021-06-13 14:30:45', 3),
    (6, 34, '2021-06-13 14:30:45', 1),
    (6, 35, '2021-06-13 14:30:45', 2),
    (6, 36, '2021-06-13 14:30:45', 1),
    (6, 37, '2021-06-13 14:30:45', 5),
    (6, 38, '2021-06-13 14:30:45', 5),
    (6, 39, '2021-06-13 14:30:45', 1),
    (6, 40, '2021-06-13 14:30:45', 1),
    (6, 41, '2021-06-13 14:30:45', 5),
    (6, 42, '2021-06-13 14:30:45', 2),
    (6, 43, '2021-06-13 14:30:45', 4),
    (6, 44, '2021-06-13 14:30:45', 5),
    (7, 1, '2021-06-13 14:30:45', 4),
    (7, 2, '2021-06-13 14:30:45', 1),
    (7, 3, '2021-06-13 14:30:45', 1),
    (7, 4, '2021-06-13 14:30:45', 3),
    (7, 5, '2021-06-13 14:30:45', 3),
    (7, 6, '2021-06-13 14:30:45', 2),
    (7, 7, '2021-06-13 14:30:45', 4),
    (7, 8, '2021-06-13 14:30:45', 4),
    (7, 9, '2021-06-13 14:30:45', 1),
    (7, 10, '2021-06-13 14:30:45', 1),
    (7, 11, '2021-06-13 14:30:45', 5),
    (7, 12, '2021-06-13 14:30:45', 1),
    (7, 13, '2021-06-13 14:30:45', 5),
    (7, 14, '2021-06-13 14:30:45', 3),
    (7, 15, '2021-06-13 14:30:45', 5),
    (7, 16, '2021-06-13 14:30:45', 1),
    (7, 17, '2021-06-13 14:30:45', 4),
    (7, 18, '2021-06-13 14:30:45', 5),
    (7, 19, '2021-06-13 14:30:45', 1),
    (7, 20, '2021-06-13 14:30:45', 1),
    (7, 21, '2021-06-13 14:30:45', 2),
    (7, 22, '2021-06-13 14:30:45', 4),
    (7, 23, '2021-06-13 14:30:45', 1),
    (7, 24, '2021-06-13 14:30:45', 5),
    (7, 25, '2021-06-13 14:30:45', 1),
    (7, 26, '2021-06-13 14:30:45', 4),
    (7, 27, '2021-06-13 14:30:45', 4),
    (7, 28, '2021-06-13 14:30:45', 2),
    (7, 29, '2021-06-13 14:30:45', 1),
    (7, 30, '2021-06-13 14:30:45', 2),
    (7, 31, '2021-06-13 14:30:45', 4),
    (7, 32, '2021-06-13 14:30:45', 1),
    (7, 33, '2021-06-13 14:30:45', 2),
    (7, 34, '2021-06-13 14:30:45', 4),
    (7, 35, '2021-06-13 14:30:45', 1),
    (7, 36, '2021-06-13 14:30:45', 4),
    (7, 37, '2021-06-13 14:30:45', 5),
    (7, 38, '2021-06-13 14:30:45', 5),
    (7, 39, '2021-06-13 14:30:45', 1),
    (7, 40, '2021-06-13 14:30:45', 2),
    (7, 41, '2021-06-13 14:30:45', 4),
    (7, 42, '2021-06-13 14:30:45', 4),
    (7, 43, '2021-06-13 14:30:45', 5),
    (7, 44, '2021-06-13 14:30:45', 1),
    (8, 1, '2021-06-13 14:30:45', 5),
    (8, 2, '2021-06-13 14:30:45', 4),
    (8, 3, '2021-06-13 14:30:45', 1),
    (8, 4, '2021-06-13 14:30:45', 4),
    (8, 5, '2021-06-13 14:30:45', 2),
    (8, 6, '2021-06-13 14:30:45', 2),
    (8, 7, '2021-06-13 14:30:45', 1),
    (8, 8, '2021-06-13 14:30:45', 1),
    (8, 9, '2021-06-13 14:30:45', 5),
    (8, 10, '2021-06-13 14:30:45', 5),
    (8, 11, '2021-06-13 14:30:45', 1),
    (8, 12, '2021-06-13 14:30:45', 3),
    (8, 13, '2021-06-13 14:30:45', 2),
    (8, 14, '2021-06-13 14:30:45', 3),
    (8, 15, '2021-06-13 14:30:45', 2),
    (8, 16, '2021-06-13 14:30:45', 1),
    (8, 17, '2021-06-13 14:30:45', 4),
    (8, 18, '2021-06-13 14:30:45', 1),
    (8, 19, '2021-06-13 14:30:45', 3),
    (8, 20, '2021-06-13 14:30:45', 4),
    (8, 21, '2021-06-13 14:30:45', 3),
    (8, 22, '2021-06-13 14:30:45', 5),
    (8, 23, '2021-06-13 14:30:45', 5),
    (8, 24, '2021-06-13 14:30:45', 3),
    (8, 25, '2021-06-13 14:30:45', 5),
    (8, 26, '2021-06-13 14:30:45', 5),
    (8, 27, '2021-06-13 14:30:45', 1),
    (8, 28, '2021-06-13 14:30:45', 5),
    (8, 29, '2021-06-13 14:30:45', 4),
    (8, 30, '2021-06-13 14:30:45', 3),
    (8, 31, '2021-06-13 14:30:45', 3),
    (8, 32, '2021-06-13 14:30:45', 5),
    (8, 33, '2021-06-13 14:30:45', 1),
    (8, 34, '2021-06-13 14:30:45', 1),
    (8, 35, '2021-06-13 14:30:45', 1),
    (8, 36, '2021-06-13 14:30:45', 1),
    (8, 37, '2021-06-13 14:30:45', 2),
    (8, 38, '2021-06-13 14:30:45', 4),
    (8, 39, '2021-06-13 14:30:45', 4),
    (8, 40, '2021-06-13 14:30:45', 4),
    (8, 41, '2021-06-13 14:30:45', 2),
    (8, 42, '2021-06-13 14:30:45', 5),
    (8, 43, '2021-06-13 14:30:45', 3),
    (8, 44, '2021-06-13 14:30:45', 4),
    (9, 1, '2021-06-13 14:30:45', 3),
    (9, 2, '2021-06-13 14:30:45', 2),
    (9, 3, '2021-06-13 14:30:45', 2),
    (9, 4, '2021-06-13 14:30:45', 4),
    (9, 5, '2021-06-13 14:30:45', 4),
    (9, 6, '2021-06-13 14:30:45', 5),
    (9, 7, '2021-06-13 14:30:45', 5),
    (9, 8, '2021-06-13 14:30:45', 2),
    (9, 9, '2021-06-13 14:30:45', 4),
    (9, 10, '2021-06-13 14:30:45', 5),
    (9, 11, '2021-06-13 14:30:45', 2),
    (9, 12, '2021-06-13 14:30:45', 5),
    (9, 13, '2021-06-13 14:30:45', 1),
    (9, 14, '2021-06-13 14:30:45', 5),
    (9, 15, '2021-06-13 14:30:45', 5),
    (9, 16, '2021-06-13 14:30:45', 5),
    (9, 17, '2021-06-13 14:30:45', 4),
    (9, 18, '2021-06-13 14:30:45', 1),
    (9, 19, '2021-06-13 14:30:45', 2),
    (9, 20, '2021-06-13 14:30:45', 1),
    (9, 21, '2021-06-13 14:30:45', 2),
    (9, 22, '2021-06-13 14:30:45', 4),
    (9, 23, '2021-06-13 14:30:45', 3),
    (9, 24, '2021-06-13 14:30:45', 1),
    (9, 25, '2021-06-13 14:30:45', 4),
    (9, 26, '2021-06-13 14:30:45', 5),
    (9, 27, '2021-06-13 14:30:45', 3),
    (9, 28, '2021-06-13 14:30:45', 5),
    (9, 29, '2021-06-13 14:30:45', 2),
    (9, 30, '2021-06-13 14:30:45', 1),
    (9, 31, '2021-06-13 14:30:45', 1),
    (9, 32, '2021-06-13 14:30:45', 4),
    (9, 33, '2021-06-13 14:30:45', 5),
    (9, 34, '2021-06-13 14:30:45', 5),
    (9, 35, '2021-06-13 14:30:45', 2),
    (9, 36, '2021-06-13 14:30:45', 1),
    (9, 37, '2021-06-13 14:30:45', 5),
    (9, 38, '2021-06-13 14:30:45', 2),
    (9, 39, '2021-06-13 14:30:45', 5),
    (9, 40, '2021-06-13 14:30:45', 2),
    (9, 41, '2021-06-13 14:30:45', 5),
    (9, 42, '2021-06-13 14:30:45', 5),
    (9, 43, '2021-06-13 14:30:45', 2),
    (9, 44, '2021-06-13 14:30:45', 3),
    (10, 1, '2021-06-13 14:30:45', 2),
    (10, 2, '2021-06-13 14:30:45', 3),
    (10, 3, '2021-06-13 14:30:45', 1),
    (10, 4, '2021-06-13 14:30:45', 1),
    (10, 5, '2021-06-13 14:30:45', 3),
    (10, 6, '2021-06-13 14:30:45', 4),
    (10, 7, '2021-06-13 14:30:45', 4),
    (10, 8, '2021-06-13 14:30:45', 1),
    (10, 9, '2021-06-13 14:30:45', 5),
    (10, 10, '2021-06-13 14:30:45', 5),
    (10, 11, '2021-06-13 14:30:45', 5),
    (10, 12, '2021-06-13 14:30:45', 3),
    (10, 13, '2021-06-13 14:30:45', 5),
    (10, 14, '2021-06-13 14:30:45', 1),
    (10, 15, '2021-06-13 14:30:45', 3),
    (10, 16, '2021-06-13 14:30:45', 2),
    (10, 17, '2021-06-13 14:30:45', 1),
    (10, 18, '2021-06-13 14:30:45', 4),
    (10, 19, '2021-06-13 14:30:45', 3),
    (10, 20, '2021-06-13 14:30:45', 5),
    (10, 21, '2021-06-13 14:30:45', 5),
    (10, 22, '2021-06-13 14:30:45', 1),
    (10, 23, '2021-06-13 14:30:45', 1),
    (10, 24, '2021-06-13 14:30:45', 1),
    (10, 25, '2021-06-13 14:30:45', 3),
    (10, 26, '2021-06-13 14:30:45', 5),
    (10, 27, '2021-06-13 14:30:45', 1),
    (10, 28, '2021-06-13 14:30:45', 1),
    (10, 29, '2021-06-13 14:30:45', 3),
    (10, 30, '2021-06-13 14:30:45', 5),
    (10, 31, '2021-06-13 14:30:45', 5),
    (10, 32, '2021-06-13 14:30:45', 5),
    (10, 33, '2021-06-13 14:30:45', 2),
    (10, 34, '2021-06-13 14:30:45', 1),
    (10, 35, '2021-06-13 14:30:45', 2),
    (10, 36, '2021-06-13 14:30:45', 3),
    (10, 37, '2021-06-13 14:30:45', 2),
    (10, 38, '2021-06-13 14:30:45', 2),
    (10, 39, '2021-06-13 14:30:45', 4),
    (10, 40, '2021-06-13 14:30:45', 2),
    (10, 41, '2021-06-13 14:30:45', 4),
    (10, 42, '2021-06-13 14:30:45', 5),
    (10, 43, '2021-06-13 14:30:45', 2),
    (10, 44, '2021-06-13 14:30:45', 1);

INSERT INTO `subscription` (`youtuber_id`, `company_id`, `is_blocked`, `subscription_date`) VALUES
    (1, 3, b'0', '2021-06-13 14:30:45'),
    (1, 4, b'0', '2021-06-13 14:30:45'),
    (1, 5, b'1', '2021-06-13 14:30:45'),
    (1, 6, b'0', '2021-06-13 14:30:45'),
    (1, 7, b'0', '2021-06-13 14:30:45'),
    (1, 8, b'1', '2021-06-13 14:30:45'),
    (1, 9, b'0', '2021-06-13 14:30:45'),
    (1, 10, b'0', '2021-06-13 14:30:45'),
    (1, 11, b'0', '2021-06-13 14:30:45'),
    (1, 12, b'0', '2021-06-13 14:30:45'),
    (1, 13, b'0', '2021-06-13 14:30:45'),
    (1, 14, b'1', '2021-06-13 14:30:45'),
    (1, 15, b'0', '2021-06-13 14:30:45'),
    (1, 16, b'0', '2021-06-13 14:30:45'),
    (2, 2, b'1', '2021-06-12 14:30:45'),
    (2, 3, b'1', '2021-06-13 14:30:45'),
    (2, 4, b'0', '2021-06-13 14:30:45'),
    (2, 5, b'0', '2021-06-13 14:30:45'),
    (2, 6, b'1', '2021-06-13 14:30:45'),
    (2, 7, b'0', '2021-06-13 14:30:45'),
    (2, 8, b'0', '2021-06-13 14:30:45'),
    (2, 9, b'0', '2021-06-13 14:30:45'),
    (2, 10, b'0', '2021-06-13 14:30:45'),
    (2, 11, b'1', '2021-06-13 14:30:45'),
    (2, 12, b'0', '2021-06-13 14:30:45'),
    (2, 13, b'1', '2021-06-13 14:30:45'),
    (2, 14, b'0', '2021-06-13 14:30:45'),
    (2, 15, b'1', '2021-06-13 14:30:45'),
    (2, 16, b'1', '2021-06-13 14:30:45'),
    (3, 3, b'0', '2021-06-13 14:30:45'),
    (3, 4, b'0', '2021-06-13 14:30:45'),
    (3, 5, b'1', '2021-06-13 14:30:45'),
    (3, 6, b'0', '2021-06-13 14:30:45'),
    (3, 7, b'1', '2021-06-13 14:30:45'),
    (3, 8, b'0', '2021-06-13 14:30:45'),
    (3, 9, b'0', '2021-06-13 14:30:45'),
    (3, 10, b'0', '2021-06-13 14:30:45'),
    (3, 11, b'0', '2021-06-13 14:30:45'),
    (3, 12, b'1', '2021-06-13 14:30:45'),
    (3, 13, b'1', '2021-06-13 14:30:45'),
    (3, 14, b'0', '2021-06-13 14:30:45'),
    (3, 15, b'1', '2021-06-13 14:30:45'),
    (3, 16, b'1', '2021-06-13 14:30:45'),
    (4, 3, b'0', '2021-06-13 14:30:45'),
    (4, 4, b'0', '2021-06-13 14:30:45'),
    (4, 5, b'1', '2021-06-13 14:30:45'),
    (4, 6, b'0', '2021-06-13 14:30:45'),
    (4, 7, b'0', '2021-06-13 14:30:45'),
    (4, 8, b'1', '2021-06-13 14:30:45'),
    (4, 9, b'0', '2021-06-13 14:30:45'),
    (4, 10, b'0', '2021-06-13 14:30:45'),
    (4, 11, b'0', '2021-06-13 14:30:45'),
    (4, 12, b'0', '2021-06-13 14:30:45'),
    (4, 13, b'0', '2021-06-13 14:30:45'),
    (4, 14, b'0', '2021-06-13 14:30:45'),
    (4, 15, b'0', '2021-06-13 14:30:45'),
    (4, 16, b'1', '2021-06-13 14:30:45'),
    (5, 3, b'1', '2021-06-13 14:30:45'),
    (5, 4, b'0', '2021-06-13 14:30:45'),
    (5, 5, b'0', '2021-06-13 14:30:45'),
    (5, 6, b'0', '2021-06-13 14:30:45'),
    (5, 7, b'1', '2021-06-13 14:30:45'),
    (5, 8, b'1', '2021-06-13 14:30:45'),
    (5, 9, b'0', '2021-06-13 14:30:45'),
    (5, 10, b'1', '2021-06-13 14:30:45'),
    (5, 11, b'0', '2021-06-13 14:30:45'),
    (5, 12, b'0', '2021-06-13 14:30:45'),
    (5, 13, b'0', '2021-06-13 14:30:45'),
    (5, 14, b'1', '2021-06-13 14:30:45'),
    (5, 15, b'0', '2021-06-13 14:30:45'),
    (5, 16, b'1', '2021-06-13 14:30:45'),
    (6, 2, b'1', '2021-06-16 14:30:45'),
    (6, 3, b'0', '2021-06-13 14:30:45'),
    (6, 4, b'0', '2021-06-13 14:30:45'),
    (6, 5, b'0', '2021-06-13 14:30:45'),
    (6, 6, b'0', '2021-06-13 14:30:45'),
    (6, 7, b'1', '2021-06-13 14:30:45'),
    (6, 8, b'0', '2021-06-13 14:30:45'),
    (6, 9, b'1', '2021-06-13 14:30:45'),
    (6, 10, b'1', '2021-06-13 14:30:45'),
    (6, 11, b'0', '2021-06-13 14:30:45'),
    (6, 12, b'1', '2021-06-13 14:30:45'),
    (6, 13, b'0', '2021-06-13 14:30:45'),
    (6, 14, b'1', '2021-06-13 14:30:45'),
    (6, 15, b'1', '2021-06-13 14:30:45'),
    (6, 16, b'0', '2021-06-13 14:30:45'),
    (7, 2, b'0', '2021-06-17 14:30:45'),
    (7, 3, b'0', '2021-06-13 14:30:45'),
    (7, 4, b'0', '2021-06-13 14:30:45'),
    (7, 5, b'1', '2021-06-13 14:30:45'),
    (7, 6, b'0', '2021-06-13 14:30:45'),
    (7, 7, b'0', '2021-06-13 14:30:45'),
    (7, 8, b'1', '2021-06-13 14:30:45'),
    (7, 9, b'1', '2021-06-13 14:30:45'),
    (7, 10, b'1', '2021-06-13 14:30:45'),
    (7, 11, b'1', '2021-06-13 14:30:45'),
    (7, 12, b'1', '2021-06-13 14:30:45'),
    (7, 13, b'1', '2021-06-13 14:30:45'),
    (7, 14, b'1', '2021-06-13 14:30:45'),
    (7, 15, b'1', '2021-06-13 14:30:45'),
    (7, 16, b'1', '2021-06-13 14:30:45'),
    (8, 3, b'1', '2021-06-13 14:30:45'),
    (8, 4, b'0', '2021-06-13 14:30:45'),
    (8, 5, b'1', '2021-06-13 14:30:45'),
    (8, 6, b'1', '2021-06-13 14:30:45'),
    (8, 7, b'1', '2021-06-13 14:30:45'),
    (8, 8, b'0', '2021-06-13 14:30:45'),
    (8, 9, b'1', '2021-06-13 14:30:45'),
    (8, 10, b'0', '2021-06-13 14:30:45'),
    (8, 11, b'0', '2021-06-13 14:30:45'),
    (8, 12, b'1', '2021-06-13 14:30:45'),
    (8, 13, b'1', '2021-06-13 14:30:45'),
    (8, 14, b'1', '2021-06-13 14:30:45'),
    (8, 15, b'0', '2021-06-13 14:30:45'),
    (8, 16, b'0', '2021-06-13 14:30:45'),
    (9, 3, b'0', '2021-06-13 14:30:45'),
    (9, 4, b'1', '2021-06-13 14:30:45'),
    (9, 5, b'0', '2021-06-13 14:30:45'),
    (9, 6, b'0', '2021-06-13 14:30:45'),
    (9, 7, b'0', '2021-06-13 14:30:45'),
    (9, 8, b'1', '2021-06-13 14:30:45'),
    (9, 9, b'1', '2021-06-13 14:30:45'),
    (9, 10, b'0', '2021-06-13 14:30:45'),
    (9, 11, b'1', '2021-06-13 14:30:45'),
    (9, 12, b'1', '2021-06-13 14:30:45'),
    (9, 13, b'1', '2021-06-13 14:30:45'),
    (9, 14, b'0', '2021-06-13 14:30:45'),
    (9, 15, b'1', '2021-06-13 14:30:45'),
    (9, 16, b'1', '2021-06-13 14:30:45'),
    (10, 2, b'0', '2021-06-21 14:30:45'),
    (10, 3, b'0', '2021-06-13 14:30:45'),
    (10, 4, b'1', '2021-06-13 14:30:45'),
    (10, 5, b'1', '2021-06-13 14:30:45'),
    (10, 6, b'0', '2021-06-13 14:30:45'),
    (10, 7, b'0', '2021-06-13 14:30:45'),
    (10, 8, b'1', '2021-06-13 14:30:45'),
    (10, 9, b'0', '2021-06-13 14:30:45'),
    (10, 10, b'0', '2021-06-13 14:30:45'),
    (10, 11, b'1', '2021-06-13 14:30:45'),
    (10, 12, b'1', '2021-06-13 14:30:45'),
    (10, 13, b'0', '2021-06-13 14:30:45'),
    (10, 14, b'0', '2021-06-13 14:30:45'),
    (10, 15, b'0', '2021-06-13 14:30:45'),
    (10, 16, b'0', '2021-06-13 14:30:45');

INSERT INTO `ad_application` (`youtuber_id`, `ad_id`, `application_date`, `description`) VALUES
    (1, 1, '2021-06-01 14:30:45', 'Тестово предложение за партньорство.'),
    (1, 4, '2021-06-01 14:30:45', 'Тестово предложение за партньорство.'),
    (1, 5, '2021-06-01 14:30:45', 'Тестово предложение за партньорство.'),
    (1, 6, '2021-06-01 14:30:45', 'Тестово предложение за партньорство.'),
    (1, 9, '2021-06-01 14:30:45', 'Тестово предложение за партньорство.'),
    (1, 10, '2021-06-01 14:30:45', 'Тестово предложение за партньорство.'),
    (1, 11, '2021-06-01 14:30:45', 'Тестово предложение за партньорство.'),
    (1, 12, '2021-06-01 14:30:45', 'Тестово предложение за партньорство.'),
    (1, 13, '2021-06-01 14:30:45', 'Тестово предложение за партньорство.'),
    (1, 14, '2021-06-01 14:30:45', 'Тестово предложение за партньорство.'),
    (1, 17, '2021-06-01 14:30:45', 'Тестово предложение за партньорство.'),
    (1, 18, '2021-06-01 14:30:45', 'Тестово предложение за партньорство.'),
    (1, 19, '2021-06-01 14:30:45', 'Тестово предложение за партньорство.'),
    (1, 22, '2021-06-01 14:30:45', 'Тестово предложение за партньорство.'),
    (1, 23, '2021-06-01 14:30:45', 'Тестово предложение за партньорство.'),
    (1, 24, '2021-06-01 14:30:45', 'Тестово предложение за партньорство.'),
    (1, 25, '2021-06-01 14:30:45', 'Тестово предложение за партньорство.'),
    (1, 26, '2021-06-01 14:30:45', 'Тестово предложение за партньорство.'),
    (1, 27, '2021-06-01 14:30:45', 'Тестово предложение за партньорство.'),
    (1, 30, '2021-06-01 14:30:45', 'Тестово предложение за партньорство.'),
    (1, 31, '2021-06-01 14:30:45', 'Тестово предложение за партньорство.'),
    (1, 32, '2021-06-01 14:30:45', 'Тестово предложение за партньорство.'),
    (1, 33, '2021-06-01 14:30:45', 'Тестово предложение за партньорство.'),
    (1, 34, '2021-06-01 14:30:45', 'Тестово предложение за партньорство.'),
    (1, 37, '2021-06-01 14:30:45', 'Тестово предложение за партньорство.'),
    (1, 38, '2021-06-01 14:30:45', 'Тестово предложение за партньорство.'),
    (1, 41, '2021-06-01 14:30:45', 'Тестово предложение за партньорство.'),
    (1, 42, '2021-06-01 14:30:45', 'Тестово предложение за партньорство.'),
    (1, 43, '2021-06-01 14:30:45', 'Тестово предложение за партньорство.'),
    (2, 1, '2021-06-01 14:30:45', 'Тестово предложение за партньорство.'),
    (2, 2, '2021-06-01 14:30:45', 'Тестово предложение за партньорство.'),
    (2, 3, '2021-06-01 14:30:45', 'Тестово предложение за партньорство.'),
    (2, 4, '2021-06-01 14:30:45', 'Тестово предложение за партньорство.'),
    (2, 7, '2021-06-01 14:30:45', 'Тестово предложение за партньорство.'),
    (2, 8, '2021-06-01 14:30:45', 'Тестово предложение за партньорство.'),
    (2, 9, '2021-06-01 14:30:45', 'Тестово предложение за партньорство.'),
    (2, 10, '2021-06-01 14:30:45', 'Тестово предложение за партньорство.'),
    (2, 11, '2021-06-01 14:30:45', 'Тестово предложение за партньорство.'),
    (2, 12, '2021-06-01 14:30:45', 'Тестово предложение за партньорство.'),
    (2, 13, '2021-06-01 14:30:45', 'Тестово предложение за партньорство.'),
    (2, 14, '2021-06-01 14:30:45', 'Тестово предложение за партньорство.'),
    (2, 15, '2021-06-01 14:30:45', 'Тестово предложение за партньорство.'),
    (2, 16, '2021-06-01 14:30:45', 'Тестово предложение за партньорство.'),
    (2, 17, '2021-06-01 14:30:45', 'Тестово предложение за партньорство.'),
    (2, 18, '2021-06-01 14:30:45', 'Тестово предложение за партньорство.'),
    (2, 19, '2021-06-01 14:30:45', 'Тестово предложение за партньорство.'),
    (2, 22, '2021-06-01 14:30:45', 'Тестово предложение за партньорство.'),
    (2, 23, '2021-06-01 14:30:45', 'Тестово предложение за партньорство.'),
    (2, 26, '2021-06-01 14:30:45', 'Тестово предложение за партньорство.'),
    (2, 27, '2021-06-01 14:30:45', 'Тестово предложение за партньорство.'),
    (2, 28, '2021-06-01 14:30:45', 'Тестово предложение за партньорство.'),
    (2, 29, '2021-06-01 14:30:45', 'Тестово предложение за партньорство.'),
    (2, 31, '2021-06-01 14:30:45', 'Тестово предложение за партньорство.'),
    (2, 32, '2021-06-01 14:30:45', 'Тестово предложение за партньорство.'),
    (2, 33, '2021-06-01 14:30:45', 'Тестово предложение за партньорство.'),
    (2, 34, '2021-06-01 14:30:45', 'Тестово предложение за партньорство.'),
    (2, 35, '2021-06-01 14:30:45', 'Тестово предложение за партньорство.'),
    (2, 40, '2021-06-01 14:30:45', 'Тестово предложение за партньорство.'),
    (2, 43, '2021-06-01 14:30:45', 'Тестово предложение за партньорство.'),
    (2, 44, '2021-06-01 14:30:45', 'Тестово предложение за партньорство.'),
    (3, 1, '2021-06-01 14:30:45', 'Тестово предложение за партньорство.'),
    (3, 2, '2021-06-01 14:30:45', 'Тестово предложение за партньорство.'),
    (3, 3, '2021-06-01 14:30:45', 'Тестово предложение за партньорство.'),
    (3, 4, '2021-06-01 14:30:45', 'Тестово предложение за партньорство.'),
    (3, 5, '2021-06-01 14:30:45', 'Тестово предложение за партньорство.'),
    (3, 6, '2021-06-01 14:30:45', 'Тестово предложение за партньорство.'),
    (3, 7, '2021-06-01 14:30:45', 'Тестово предложение за партньорство.'),
    (3, 8, '2021-06-01 14:30:45', 'Тестово предложение за партньорство.'),
    (3, 9, '2021-06-01 14:30:45', 'Тестово предложение за партньорство.'),
    (3, 10, '2021-06-01 14:30:45', 'Тестово предложение за партньорство.'),
    (3, 14, '2021-06-01 14:30:45', 'Тестово предложение за партньорство.'),
    (3, 15, '2021-06-01 14:30:45', 'Тестово предложение за партньорство.'),
    (3, 16, '2021-06-01 14:30:45', 'Тестово предложение за партньорство.'),
    (3, 17, '2021-06-01 14:30:45', 'Тестово предложение за партньорство.'),
    (3, 22, '2021-06-01 14:30:45', 'Тестово предложение за партньорство.'),
    (3, 23, '2021-06-01 14:30:45', 'Тестово предложение за партньорство.'),
    (3, 24, '2021-06-01 14:30:45', 'Тестово предложение за партньорство.'),
    (3, 25, '2021-06-01 14:30:45', 'Тестово предложение за партньорство.'),
    (3, 30, '2021-06-01 14:30:45', 'Тестово предложение за партньорство.'),
    (3, 31, '2021-06-01 14:30:45', 'Тестово предложение за партньорство.'),
    (3, 32, '2021-06-01 14:30:45', 'Тестово предложение за партньорство.'),
    (3, 33, '2021-06-01 14:30:45', 'Тестово предложение за партньорство.'),
    (3, 34, '2021-06-01 14:30:45', 'Тестово предложение за партньорство.'),
    (3, 35, '2021-06-01 14:30:45', 'Тестово предложение за партньорство.'),
    (3, 40, '2021-06-01 14:30:45', 'Тестово предложение за партньорство.'),
    (3, 41, '2021-06-01 14:30:45', 'Тестово предложение за партньорство.'),
    (3, 42, '2021-06-01 14:30:45', 'Тестово предложение за партньорство.'),
    (3, 43, '2021-06-01 14:30:45', 'Тестово предложение за партньорство.'),
    (3, 44, '2021-06-01 14:30:45', 'Тестово предложение за партньорство.'),
    (4, 1, '2021-06-01 14:30:45', 'Тестово предложение за партньорство.'),
    (4, 2, '2021-06-01 14:30:45', 'Тестово предложение за партньорство.'),
    (4, 3, '2021-06-01 14:30:45', 'Тестово предложение за партньорство.'),
    (4, 4, '2021-06-01 14:30:45', 'Тестово предложение за партньорство.'),
    (4, 9, '2021-06-01 14:30:45', 'Тестово предложение за партньорство.'),
    (4, 10, '2021-06-01 14:30:45', 'Тестово предложение за партньорство.'),
    (4, 11, '2021-06-01 14:30:45', 'Тестово предложение за партньорство.'),
    (4, 12, '2021-06-01 14:30:45', 'Тестово предложение за партньорство.'),
    (4, 13, '2021-06-01 14:30:45', 'Тестово предложение за партньорство.'),
    (4, 14, '2021-06-01 14:30:45', 'Тестово предложение за партньорство.'),
    (4, 15, '2021-06-01 14:30:45', 'Тестово предложение за партньорство.'),
    (4, 21, '2021-06-01 14:30:45', 'Тестово предложение за партньорство.'),
    (4, 22, '2021-06-01 14:30:45', 'Тестово предложение за партньорство.'),
    (4, 23, '2021-06-01 14:30:45', 'Тестово предложение за партньорство.'),
    (4, 24, '2021-06-01 14:30:45', 'Тестово предложение за партньорство.'),
    (4, 25, '2021-06-01 14:30:45', 'Тестово предложение за партньорство.'),
    (4, 26, '2021-06-01 14:30:45', 'Тестово предложение за партньорство.'),
    (4, 27, '2021-06-01 14:30:45', 'Тестово предложение за партньорство.'),
    (4, 28, '2021-06-01 14:30:45', 'Тестово предложение за партньорство.'),
    (4, 29, '2021-06-01 14:30:45', 'Тестово предложение за партньорство.'),
    (4, 30, '2021-06-01 14:30:45', 'Тестово предложение за партньорство.'),
    (4, 31, '2021-06-01 14:30:45', 'Тестово предложение за партньорство.'),
    (4, 32, '2021-06-01 14:30:45', 'Тестово предложение за партньорство.'),
    (4, 33, '2021-06-01 14:30:45', 'Тестово предложение за партньорство.'),
    (4, 34, '2021-06-01 14:30:45', 'Тестово предложение за партньорство.'),
    (4, 35, '2021-06-01 14:30:45', 'Тестово предложение за партньорство.'),
    (4, 41, '2021-06-01 14:30:45', 'Тестово предложение за партньорство.'),
    (4, 42, '2021-06-01 14:30:45', 'Тестово предложение за партньорство.'),
    (4, 43, '2021-06-01 14:30:45', 'Тестово предложение за партньорство.'),
    (4, 44, '2021-06-01 14:30:45', 'Тестово предложение за партньорство.'),
    (5, 1, '2021-06-01 14:30:45', 'Тестово предложение за партньорство.'),
    (5, 2, '2021-06-01 14:30:45', 'Тестово предложение за партньорство.'),
    (5, 3, '2021-06-01 14:30:45', 'Тестово предложение за партньорство.'),
    (5, 4, '2021-06-01 14:30:45', 'Тестово предложение за партньорство.'),
    (5, 5, '2021-06-01 14:30:45', 'Тестово предложение за партньорство.'),
    (5, 11, '2021-06-01 14:30:45', 'Тестово предложение за партньорство.'),
    (5, 12, '2021-06-01 14:30:45', 'Тестово предложение за партньорство.'),
    (5, 13, '2021-06-01 14:30:45', 'Тестово предложение за партньорство.'),
    (5, 14, '2021-06-01 14:30:45', 'Тестово предложение за партньорство.'),
    (5, 15, '2021-06-01 14:30:45', 'Тестово предложение за партньорство.'),
    (5, 16, '2021-06-01 14:30:45', 'Тестово предложение за партньорство.'),
    (5, 17, '2021-06-01 14:30:45', 'Тестово предложение за партньорство.'),
    (5, 18, '2021-06-01 14:30:45', 'Тестово предложение за партньорство.'),
    (5, 19, '2021-06-01 14:30:45', 'Тестово предложение за партньорство.'),
    (5, 20, '2021-06-01 14:30:45', 'Тестово предложение за партньорство.'),
    (5, 21, '2021-06-01 14:30:45', 'Тестово предложение за партньорство.'),
    (5, 22, '2021-06-01 14:30:45', 'Тестово предложение за партньорство.'),
    (5, 28, '2021-06-01 14:30:45', 'Тестово предложение за партньорство.'),
    (5, 29, '2021-06-01 14:30:45', 'Тестово предложение за партньорство.'),
    (5, 30, '2021-06-01 14:30:45', 'Тестово предложение за партньорство.'),
    (5, 31, '2021-06-01 14:30:45', 'Тестово предложение за партньорство.'),
    (5, 32, '2021-06-01 14:30:45', 'Тестово предложение за партньорство.'),
    (5, 33, '2021-06-01 14:30:45', 'Тестово предложение за партньорство.'),
    (5, 34, '2021-06-01 14:30:45', 'Тестово предложение за партньорство.'),
    (5, 35, '2021-06-01 14:30:45', 'Тестово предложение за партньорство.'),
    (5, 36, '2021-06-01 14:30:45', 'Тестово предложение за партньорство.'),
    (5, 37, '2021-06-01 14:30:45', 'Тестово предложение за партньорство.'),
    (5, 38, '2021-06-01 14:30:45', 'Тестово предложение за партньорство.'),
    (5, 39, '2021-06-01 14:30:45', 'Тестово предложение за партньорство.'),
    (5, 40, '2021-06-01 14:30:45', 'Тестово предложение за партньорство.'),
    (5, 41, '2021-06-01 14:30:45', 'Тестово предложение за партньорство.'),
    (5, 42, '2021-06-01 14:30:45', 'Тестово предложение за партньорство.'),
    (6, 5, '2021-06-01 14:30:45', 'Тестово предложение за партньорство.'),
    (6, 6, '2021-06-01 14:30:45', 'Тестово предложение за партньорство.'),
    (6, 7, '2021-06-01 14:30:45', 'Тестово предложение за партньорство.'),
    (6, 8, '2021-06-01 14:30:45', 'Тестово предложение за партньорство.'),
    (6, 9, '2021-06-01 14:30:45', 'Тестово предложение за партньорство.'),
    (6, 10, '2021-06-01 14:30:45', 'Тестово предложение за партньорство.'),
    (6, 11, '2021-06-01 14:30:45', 'Тестово предложение за партньорство.'),
    (6, 12, '2021-06-01 14:30:45', 'Тестово предложение за партньорство.'),
    (6, 13, '2021-06-01 14:30:45', 'Тестово предложение за партньорство.'),
    (6, 14, '2021-06-01 14:30:45', 'Тестово предложение за партньорство.'),
    (6, 15, '2021-06-01 14:30:45', 'Тестово предложение за партньорство.'),
    (6, 16, '2021-06-01 14:30:45', 'Тестово предложение за партньорство.'),
    (6, 23, '2021-06-01 14:30:45', 'Тестово предложение за партньорство.'),
    (6, 24, '2021-06-01 14:30:45', 'Тестово предложение за партньорство.'),
    (6, 25, '2021-06-01 14:30:45', 'Тестово предложение за партньорство.'),
    (6, 26, '2021-06-01 14:30:45', 'Тестово предложение за партньорство.'),
    (6, 27, '2021-06-01 14:30:45', 'Тестово предложение за партньорство.'),
    (6, 28, '2021-06-01 14:30:45', 'Тестово предложение за партньорство.'),
    (6, 29, '2021-06-01 14:30:45', 'Тестово предложение за партньорство.'),
    (6, 30, '2021-06-01 14:30:45', 'Тестово предложение за партньорство.'),
    (6, 31, '2021-06-01 14:30:45', 'Тестово предложение за партньорство.'),
    (6, 37, '2021-06-01 14:30:45', 'Тестово предложение за партньорство.'),
    (6, 38, '2021-06-01 14:30:45', 'Тестово предложение за партньорство.'),
    (6, 39, '2021-06-01 14:30:45', 'Тестово предложение за партньорство.'),
    (6, 40, '2021-06-01 14:30:45', 'Тестово предложение за партньорство.'),
    (6, 41, '2021-06-01 14:30:45', 'Тестово предложение за партньорство.'),
    (6, 42, '2021-06-01 14:30:45', 'Тестово предложение за партньорство.'),
    (6, 43, '2021-06-01 14:30:45', 'Тестово предложение за партньорство.'),
    (6, 44, '2021-06-01 14:30:45', 'Тестово предложение за партньорство.'),
    (7, 1, '2021-06-01 14:30:45', 'Тестово предложение за партньорство.'),
    (7, 2, '2021-06-01 14:30:45', 'Тестово предложение за партньорство.'),
    (7, 3, '2021-06-01 14:30:45', 'Тестово предложение за партньорство.'),
    (7, 4, '2021-06-01 14:30:45', 'Тестово предложение за партньорство.'),
    (7, 11, '2021-06-01 14:30:45', 'Тестово предложение за партньорство.'),
    (7, 12, '2021-06-01 14:30:45', 'Тестово предложение за партньорство.'),
    (7, 13, '2021-06-01 14:30:45', 'Тестово предложение за партньорство.'),
    (7, 14, '2021-06-01 14:30:45', 'Тестово предложение за партньорство.'),
    (7, 15, '2021-06-01 14:30:45', 'Тестово предложение за партньорство.'),
    (7, 16, '2021-06-01 14:30:45', 'Тестово предложение за партньорство.'),
    (7, 17, '2021-06-01 14:30:45', 'Тестово предложение за партньорство.'),
    (7, 18, '2021-06-01 14:30:45', 'Тестово предложение за партньорство.'),
    (7, 19, '2021-06-01 14:30:45', 'Тестово предложение за партньорство.'),
    (7, 20, '2021-06-01 14:30:45', 'Тестово предложение за партньорство.'),
    (7, 21, '2021-06-01 14:30:45', 'Тестово предложение за партньорство.'),
    (7, 22, '2021-06-01 14:30:45', 'Тестово предложение за партньорство.'),
    (7, 23, '2021-06-01 14:30:45', 'Тестово предложение за партньорство.'),
    (7, 24, '2021-06-01 14:30:45', 'Тестово предложение за партньорство.'),
    (7, 25, '2021-06-01 14:30:45', 'Тестово предложение за партньорство.'),
    (7, 26, '2021-06-01 14:30:45', 'Тестово предложение за партньорство.'),
    (7, 27, '2021-06-01 14:30:45', 'Тестово предложение за партньорство.'),
    (7, 28, '2021-06-01 14:30:45', 'Тестово предложение за партньорство.'),
    (7, 29, '2021-06-01 14:30:45', 'Тестово предложение за партньорство.'),
    (7, 30, '2021-06-01 14:30:45', 'Тестово предложение за партньорство.'),
    (7, 31, '2021-06-01 14:30:45', 'Тестово предложение за партньорство.'),
    (7, 32, '2021-06-01 14:30:45', 'Тестово предложение за партньорство.'),
    (7, 33, '2021-06-01 14:30:45', 'Тестово предложение за партньорство.'),
    (7, 34, '2021-06-01 14:30:45', 'Тестово предложение за партньорство.'),
    (7, 40, '2021-06-01 14:30:45', 'Тестово предложение за партньорство.'),
    (7, 41, '2021-06-01 14:30:45', 'Тестово предложение за партньорство.'),
    (7, 42, '2021-06-01 14:30:45', 'Тестово предложение за партньорство.'),
    (7, 43, '2021-06-01 14:30:45', 'Тестово предложение за партньорство.'),
    (7, 44, '2021-06-01 14:30:45', 'Тестово предложение за партньорство.'),
    (8, 1, '2021-06-01 14:30:45', 'Тестово предложение за партньорство.'),
    (8, 2, '2021-06-01 14:30:45', 'Тестово предложение за партньорство.'),
    (8, 3, '2021-06-01 14:30:45', 'Тестово предложение за партньорство.'),
    (8, 4, '2021-06-01 14:30:45', 'Тестово предложение за партньорство.'),
    (8, 5, '2021-06-01 14:30:45', 'Тестово предложение за партньорство.'),
    (8, 6, '2021-06-01 14:30:45', 'Тестово предложение за партньорство.'),
    (8, 7, '2021-06-01 14:30:45', 'Тестово предложение за партньорство.'),
    (8, 8, '2021-06-01 14:30:45', 'Тестово предложение за партньорство.'),
    (8, 9, '2021-06-01 14:30:45', 'Тестово предложение за партньорство.'),
    (8, 10, '2021-06-01 14:30:45', 'Тестово предложение за партньорство.'),
    (8, 18, '2021-06-01 14:30:45', 'Тестово предложение за партньорство.'),
    (8, 19, '2021-06-01 14:30:45', 'Тестово предложение за партньорство.'),
    (8, 20, '2021-06-01 14:30:45', 'Тестово предложение за партньорство.'),
    (8, 21, '2021-06-01 14:30:45', 'Тестово предложение за партньорство.'),
    (8, 22, '2021-06-01 14:30:45', 'Тестово предложение за партньорство.'),
    (8, 23, '2021-06-01 14:30:45', 'Тестово предложение за партньорство.'),
    (8, 24, '2021-06-01 14:30:45', 'Тестово предложение за партньорство.'),
    (8, 25, '2021-06-01 14:30:45', 'Тестово предложение за партньорство.'),
    (8, 26, '2021-06-01 14:30:45', 'Тестово предложение за партньорство.'),
    (8, 27, '2021-06-01 14:30:45', 'Тестово предложение за партньорство.'),
    (8, 28, '2021-06-01 14:30:45', 'Тестово предложение за партньорство.'),
    (8, 29, '2021-06-01 14:30:45', 'Тестово предложение за партньорство.'),
    (8, 35, '2021-06-01 14:30:45', 'Тестово предложение за партньорство.'),
    (8, 36, '2021-06-01 14:30:45', 'Тестово предложение за партньорство.'),
    (8, 37, '2021-06-01 14:30:45', 'Тестово предложение за партньорство.'),
    (8, 38, '2021-06-01 14:30:45', 'Тестово предложение за партньорство.'),
    (8, 39, '2021-06-01 14:30:45', 'Тестово предложение за партньорство.'),
    (8, 40, '2021-06-01 14:30:45', 'Тестово предложение за партньорство.'),
    (8, 41, '2021-06-01 14:30:45', 'Тестово предложение за партньорство.'),
    (8, 42, '2021-06-01 14:30:45', 'Тестово предложение за партньорство.'),
    (8, 43, '2021-06-01 14:30:45', 'Тестово предложение за партньорство.'),
    (9, 6, '2021-06-01 14:30:45', 'Тестово предложение за партньорство.'),
    (9, 7, '2021-06-01 14:30:45', 'Тестово предложение за партньорство.'),
    (9, 8, '2021-06-01 14:30:45', 'Тестово предложение за партньорство.'),
    (9, 9, '2021-06-01 14:30:45', 'Тестово предложение за партньорство.'),
    (9, 10, '2021-06-01 14:30:45', 'Тестово предложение за партньорство.'),
    (9, 11, '2021-06-01 14:30:45', 'Тестово предложение за партньорство.'),
    (9, 12, '2021-06-01 14:30:45', 'Тестово предложение за партньорство.'),
    (9, 13, '2021-06-01 14:30:45', 'Тестово предложение за партньорство.'),
    (9, 14, '2021-06-01 14:30:45', 'Тестово предложение за партньорство.'),
    (9, 15, '2021-06-01 14:30:45', 'Тестово предложение за партньорство.'),
    (9, 16, '2021-06-01 14:30:45', 'Тестово предложение за партньорство.'),
    (9, 17, '2021-06-01 14:30:45', 'Тестово предложение за партньорство.'),
    (9, 18, '2021-06-01 14:30:45', 'Тестово предложение за партньорство.'),
    (9, 19, '2021-06-01 14:30:45', 'Тестово предложение за партньорство.'),
    (9, 20, '2021-06-01 14:30:45', 'Тестово предложение за партньорство.'),
    (9, 21, '2021-06-01 14:30:45', 'Тестово предложение за партньорство.'),
    (9, 22, '2021-06-01 14:30:45', 'Тестово предложение за партньорство.'),
    (9, 23, '2021-06-01 14:30:45', 'Тестово предложение за партньорство.'),
    (9, 24, '2021-06-01 14:30:45', 'Тестово предложение за партньорство.'),
    (9, 25, '2021-06-01 14:30:45', 'Тестово предложение за партньорство.'),
    (9, 26, '2021-06-01 14:30:45', 'Тестово предложение за партньорство.'),
    (9, 30, '2021-06-01 14:30:45', 'Тестово предложение за партньорство.'),
    (9, 31, '2021-06-01 14:30:45', 'Тестово предложение за партньорство.'),
    (9, 32, '2021-06-01 14:30:45', 'Тестово предложение за партньорство.'),
    (9, 33, '2021-06-01 14:30:45', 'Тестово предложение за партньорство.'),
    (9, 34, '2021-06-01 14:30:45', 'Тестово предложение за партньорство.'),
    (9, 35, '2021-06-01 14:30:45', 'Тестово предложение за партньорство.'),
    (9, 36, '2021-06-01 14:30:45', 'Тестово предложение за партньорство.'),
    (9, 37, '2021-06-01 14:30:45', 'Тестово предложение за партньорство.'),
    (9, 38, '2021-06-01 14:30:45', 'Тестово предложение за партньорство.'),
    (9, 42, '2021-06-01 14:30:45', 'Тестово предложение за партньорство.'),
    (9, 43, '2021-06-01 14:30:45', 'Тестово предложение за партньорство.'),
    (9, 44, '2021-06-01 14:30:45', 'Тестово предложение за партньорство.'),
    (10, 1, '2021-06-01 14:30:45', 'Тестово предложение за партньорство.'),
    (10, 2, '2021-06-01 14:30:45', 'Тестово предложение за партньорство.'),
    (10, 3, '2021-06-01 14:30:45', 'Тестово предложение за партньорство.'),
    (10, 4, '2021-06-01 14:30:45', 'Тестово предложение за партньорство.'),
    (10, 5, '2021-06-01 14:30:45', 'Тестово предложение за партньорство.'),
    (10, 6, '2021-06-01 14:30:45', 'Тестово предложение за партньорство.'),
    (10, 11, '2021-06-01 14:30:45', 'Тестово предложение за партньорство.'),
    (10, 12, '2021-06-01 14:30:45', 'Тестово предложение за партньорство.'),
    (10, 13, '2021-06-01 14:30:45', 'Тестово предложение за партньорство.'),
    (10, 14, '2021-06-01 14:30:45', 'Тестово предложение за партньорство.'),
    (10, 15, '2021-06-01 14:30:45', 'Тестово предложение за партньорство.'),
    (10, 16, '2021-06-01 14:30:45', 'Тестово предложение за партньорство.'),
    (10, 17, '2021-06-01 14:30:45', 'Тестово предложение за партньорство.'),
    (10, 18, '2021-06-01 14:30:45', 'Тестово предложение за партньорство.'),
    (10, 19, '2021-06-01 14:30:45', 'Тестово предложение за партньорство.'),
    (10, 20, '2021-06-01 14:30:45', 'Тестово предложение за партньорство.'),
    (10, 21, '2021-06-01 14:30:45', 'Тестово предложение за партньорство.'),
    (10, 22, '2021-06-01 14:30:45', 'Тестово предложение за партньорство.'),
    (10, 28, '2021-06-01 14:30:45', 'Тестово предложение за партньорство.'),
    (10, 29, '2021-06-01 14:30:45', 'Тестово предложение за партньорство.'),
    (10, 30, '2021-06-01 14:30:45', 'Тестово предложение за партньорство.'),
    (10, 31, '2021-06-01 14:30:45', 'Тестово предложение за партньорство.'),
    (10, 32, '2021-06-01 14:30:45', 'Тестово предложение за партньорство.'),
    (10, 33, '2021-06-01 14:30:45', 'Тестово предложение за партньорство.'),
    (10, 34, '2021-06-01 14:30:45', 'Тестово предложение за партньорство.'),
    (10, 35, '2021-06-01 14:30:45', 'Тестово предложение за партньорство.'),
    (10, 36, '2021-06-01 14:30:45', 'Тестово предложение за партньорство.'),
    (10, 37, '2021-06-01 14:30:45', 'Тестово предложение за партньорство.'),
    (10, 38, '2021-06-01 14:30:45', 'Тестово предложение за партньорство.'),
    (10, 39, '2021-06-01 14:30:45', 'Тестово предложение за партньорство.'),
    (11, 1, '2021-07-01 14:30:45', 'Любимата ми напитка, моля за партньорство!'),
    (11, 41, '2021-07-02 14:30:45', 'Изключително удобен аксесоар. Искам да се партнирам с Вас.'),
    (11, 38, '2021-07-03 14:30:45', 'Използвам ги непрекъснато и са много вкусни през летните дни. Мисля, че съм перфектния кандидат за рекламата.'),
    (11, 2, '2021-07-04 14:30:45', 'Приемам Sprite всяка сутрин. Много е вкусен и Ви предлагам партньорство.');
